Station, Shaft Number, Date-Time, WorkOrder, Part, Freq. 01 - Reading,Motor-Sanding, Freq. 02 - Reading,Motor-Polishing,Freq-Target,Formular -G,Formular -PO
Auto sanding - 1,1,10/19/2021 0:28,0751973_Tien_B3,SP400-IR-4,247.6,1450,247.6,1450,245,1,1
Auto sanding - 1,2,10/19/2021 0:31,0751973_Tien_B3,SP400-IR-4,248.1,1450,248.1,1450,245,1,1
Auto sanding - 1,3,10/19/2021 0:32,0751973_Tien_B3,SP400-IR-4,247.4,1450,247.4,1450,245,1,1
Auto sanding - 1,4,10/19/2021 0:34,0751973_Tien_B3,SP400-IR-4,247.7,1450,247.7,1450,245,1,1
Auto sanding - 1,5,10/19/2021 0:34,0751973_Tien_B3,SP400-IR-4,249.8,1450,249.8,1450,245,1,1
Auto sanding - 1,1,10/19/2021 2:19,751973,SP400-IR-4,248.1,1450,248.1,1450,245,1,1
Auto sanding - 1,2,10/19/2021 2:20,751973,SP400-IR-4,247.6,1450,247.6,1450,245,1,1
Auto sanding - 1,3,10/19/2021 2:20,751973,SP400-IR-4,246,1450,246,1450,245,1,1
Auto sanding - 1,4,10/19/2021 2:20,751973,SP400-IR-4,248.7,1450,248.7,1450,245,1,1
Auto sanding - 1,5,10/19/2021 2:21,751973,SP400-IR-4,246.9,1450,246.9,1450,245,1,1
Auto sanding - 1,1,10/19/2021 23:59,751971,SP400-IR-4,247.5,1450,247.5,1450,245,1,1
Auto sanding - 1,2,10/19/2021 23:59,751971,SP400-IR-4,246.6,1450,246.6,1450,245,1,1
Auto sanding - 1,1,10/20/2021 0:03,751971,SP400-IR-4,248.1,1450,248.1,1450,245,1,1
Auto sanding - 1,2,10/20/2021 0:11,751971,SP400-IR-4,248.8,1450,248.8,1450,245,1,1
Auto sanding - 1,3,10/20/2021 0:11,751971,SP400-IR-4,249.2,1450,249.2,1450,245,1,1
Auto sanding - 1,4,10/20/2021 0:14,751971,SP400-IR-4,249.4,1450,249.4,1450,245,1,1
Auto sanding - 1,5,10/20/2021 0:15,751971,SP400-IR-4,247.2,1450,247.2,1450,245,1,1
Auto sanding - 1,1,10/20/2021 16:26,751968,SP400-IR-4,248,1450,248,1450,245,1,1
Auto sanding - 1,2,10/20/2021 16:26,751968,SP400-IR-4,246.1,1450,246.1,1450,245,1,1
Auto sanding - 1,3,10/20/2021 16:27,751968,SP400-IR-4,249.5,1450,249.5,1450,245,1,1
Auto sanding - 1,4,10/20/2021 16:27,751968,SP400-IR-4,249.7,1450,249.7,1450,245,1,1
Auto sanding - 1,5,10/20/2021 16:28,751968,SP400-IR-4,249.8,1450,249.8,1450,245,1,1
Auto sanding - 1,2,10/28/2021 21:34,759407,SP400-IR-4,246.1,1450,246.1,1450,245,1,1
Auto sanding - 1,3,10/28/2021 21:34,759407,SP400-IR-4,248.7,1450,248.7,1450,245,1,1
Auto sanding - 1,4,10/28/2021 21:34,759407,SP400-IR-4,249.7,1450,249.7,1450,245,1,1
Auto sanding - 1,5,10/28/2021 21:34,759407,SP400-IR-4,246.2,1450,246.2,1450,245,1,1
Auto sanding - 1,1,10/28/2021 21:34,759407,SP400-IR-4,247,1450,247,1450,245,1,1
Auto sanding - 1,2,10/28/2021 21:35,759407,SP400-IR-4,246.6,1450,246.6,1450,245,1,1
Auto sanding - 1,3,10/28/2021 21:35,759407,SP400-IR-4,246.6,1450,246.6,1450,245,1,1
Auto sanding - 1,1,11/6/2021 11:48,763731,SP400-IR-4,246.2,1450,246.2,1450,245,1,1
Auto sanding - 1,2,11/6/2021 11:49,763731,SP400-IR-4,247.3,1450,247.3,1450,245,1,1
Auto sanding - 1,3,11/6/2021 11:49,763731,SP400-IR-4,246.6,1450,246.6,1450,245,1,1
Auto sanding - 1,4,11/6/2021 11:49,763731,SP400-IR-4,247.3,1450,247.3,1450,245,1,1
Auto sanding - 1,5,11/6/2021 11:49,763731,SP400-IR-4,247,1450,247,1450,245,1,1
Auto sanding - 1,1,11/30/2021 9:53,780629,SP400-IR-4,246.4,1450,246.4,1450,245,1,1
Auto sanding - 1,2,11/30/2021 9:54,780629,SP400-IR-4,245.7,1450,245.7,1450,245,1,1
Auto sanding - 1,3,11/30/2021 9:54,780629,SP400-IR-4,247,1450,247,1450,245,1,1
Auto sanding - 1,4,11/30/2021 9:54,780629,SP400-IR-4,246.4,1450,246.4,1450,245,1,1
Auto sanding - 1,5,11/30/2021 9:55,780629,SP400-IR-4,247.7,1450,247.7,1450,245,1,1
Auto sanding - 1,1,11/30/2021 9:56,780629,SP400-IR-4,246.5,1450,246.5,1450,245,1,1
Auto sanding - 1,2,11/30/2021 9:56,780629,SP400-IR-4,247.3,1450,247.3,1450,245,1,1
Auto sanding - 1,3,11/30/2021 9:57,780629,SP400-IR-4,247.9,1450,247.9,1450,245,1,1
Auto sanding - 1,4,11/30/2021 9:57,780629,SP400-IR-4,246.4,1450,246.4,1450,245,1,1
Auto sanding - 1,1,11/30/2021 11:14,780628,SP400-IR-4,247.4,1450,247.4,1450,245,1,1
Auto sanding - 1,2,11/30/2021 11:14,780628,SP400-IR-4,248,1450,248,1450,245,1,1
Auto sanding - 1,3,11/30/2021 11:14,780628,SP400-IR-4,248.4,1450,248.4,1450,245,1,1
Auto sanding - 1,4,11/30/2021 11:15,780628,SP400-IR-4,246.2,1450,246.2,1450,245,1,1
Auto sanding - 1,5,11/30/2021 11:16,780628,SP400-IR-4,249.2,1450,249.2,1450,245,1,1
Auto sanding - 1,1,11/30/2021 12:42,780630,SP400-IR-4,248.1,1450,248.1,1450,245,1,1
Auto sanding - 1,2,11/30/2021 12:42,780630,SP400-IR-4,250.1,1450,250.1,1450,245,1,1
Auto sanding - 1,3,11/30/2021 12:43,780630,SP400-IR-4,247.9,1450,247.9,1450,245,1,1
Auto sanding - 1,4,11/30/2021 12:43,780630,SP400-IR-4,249,1450,249,1450,245,1,1
Auto sanding - 1,5,11/30/2021 12:45,780630,SP400-IR-4,248.6,1450,248.6,1450,245,1,1
Auto sanding - 1,1,11/30/2021 19:27,780644,SP400-IR-4,248.2,1450,248.2,1450,245,1,1
Auto sanding - 1,2,11/30/2021 19:27,780644,SP400-IR-4,250,1450,250,1450,245,1,1
Auto sanding - 1,3,11/30/2021 19:29,780644,SP400-IR-4,247.5,1450,247.5,1450,245,1,1
Auto sanding - 1,4,11/30/2021 19:33,780644,SP400-IR-4,249.8,1450,249.8,1450,245,1,1
Auto sanding - 1,5,11/30/2021 19:33,780644,SP400-IR-4,249.1,1450,249.1,1450,245,1,1
Auto sanding - 1,1,11/30/2021 22:37,780632,SP400-IR-4,246.4,1450,246.4,1450,245,1,1
Auto sanding - 1,2,11/30/2021 22:37,780632,SP400-IR-4,248.6,1450,248.6,1450,245,1,1
Auto sanding - 1,3,11/30/2021 22:39,780632,SP400-IR-4,249.4,1450,249.4,1450,245,1,1
Auto sanding - 1,4,11/30/2021 22:40,780632,SP400-IR-4,246.6,1450,246.6,1450,245,1,1
Auto sanding - 1,5,11/30/2021 22:41,780632,SP400-IR-4,248.4,1450,248.4,1450,245,1,1
Auto sanding - 1,1,11/30/2021 22:41,780632,SP400-IR-4,248,1450,248,1450,245,1,1
Auto sanding - 1,2,11/30/2021 22:42,780632,SP400-IR-4,246.1,1450,246.1,1450,245,1,1
Auto sanding - 1,1,11/30/2021 22:44,780638,SP400-IR-4,247.2,1450,247.2,1450,245,1,1
Auto sanding - 1,1,11/30/2021 22:46,780638,SP400-IR-4,247.5,1450,247.5,1450,245,1,1
Auto sanding - 1,1,11/30/2021 22:51,780638,SP400-IR-4,248.2,1450,248.2,1450,245,1,1
Auto sanding - 1,2,11/30/2021 22:51,780638,SP400-IR-4,246.1,1450,246.1,1450,245,1,1
Auto sanding - 1,3,11/30/2021 22:52,780638,SP400-IR-4,246.6,1450,246.6,1450,245,1,1
Auto sanding - 1,4,11/30/2021 22:53,780638,SP400-IR-4,248.6,1450,248.6,1450,245,1,1
Auto sanding - 1,5,11/30/2021 22:55,780638,SP400-IR-4,248.2,1450,248.2,1450,245,1,1
Auto sanding - 1,1,11/30/2021 10:59,780642,SP400-IR-4,248.3,1450,248.3,1450,245,1,1
Auto sanding - 1,2,11/30/2021 10:59,780642,SP400-IR-4,248.1,1450,248.1,1450,245,1,1
Auto sanding - 1,3,11/30/2021 11:00,780642,SP400-IR-4,248.5,1450,248.5,1450,245,1,1
Auto sanding - 1,4,11/30/2021 11:00,780642,SP400-IR-4,249.6,1450,249.6,1450,245,1,1
Auto sanding - 1,5,11/30/2021 11:00,780642,SP400-IR-4,247.3,1450,247.3,1450,245,1,1
Auto sanding - 1,1,11/30/2021 11:01,780636,SP400-IR-4,246.8,1450,246.8,1450,245,1,1
Auto sanding - 1,2,11/30/2021 11:01,780636,SP400-IR-4,247.5,1450,247.5,1450,245,1,1
Auto sanding - 1,3,11/30/2021 11:01,780636,SP400-IR-4,248.8,1450,248.8,1450,245,1,1
Auto sanding - 1,4,11/30/2021 11:05,780636,SP400-IR-4,250.2,1450,250.2,1450,245,1,1
Auto sanding - 1,5,11/30/2021 11:14,780636,SP400-IR-4,248.9,1450,248.9,1450,245,1,1
Auto sanding - 1,1,11/30/2021 11:40,780634,SP400-IR-4,247.9,1450,247.9,1450,245,1,1
Auto sanding - 1,2,11/30/2021 11:40,780634,SP400-IR-4,248,1450,248,1450,245,1,1
Auto sanding - 1,3,11/30/2021 11:40,780634,SP400-IR-4,247.6,1450,247.6,1450,245,1,1
Auto sanding - 1,4,11/30/2021 11:40,780634,SP400-IR-4,247.8,1450,247.8,1450,245,1,1
Auto sanding - 1,5,11/30/2021 11:40,780634,SP400-IR-4,248.1,1450,248.1,1450,245,1,1
Auto sanding - 1,1,11/30/2021 12:10,780640,SP400-IR-4,250.4,1450,250.4,1450,245,1,1
Auto sanding - 1,1,12/2/2021 18:49,782777,SP400-IR-4,249.1,1450,249.1,1450,245,1,1
Auto sanding - 1,2,12/2/2021 18:49,782777,SP400-IR-4,247.8,1450,247.8,1450,245,1,1
Auto sanding - 1,3,12/2/2021 18:49,782777,SP400-IR-4,248.9,1450,248.9,1450,245,1,1
Auto sanding - 1,4,12/2/2021 18:49,782777,SP400-IR-4,249.5,1450,249.5,1450,245,1,1
Auto sanding - 1,5,12/2/2021 18:50,782777,SP400-IR-4,249.4,1450,249.4,1450,245,1,1
Auto sanding - 1,1,12/2/2021 18:52,782777,SP400-IR-4,248.4,1450,248.4,1450,245,1,1
Auto sanding - 1,2,12/2/2021 18:53,782777,SP400-IR-4,249.9,1450,249.9,1450,245,1,1
Auto sanding - 1,3,12/2/2021 18:53,782777,SP400-IR-4,248.2,1450,248.2,1450,245,1,1
Auto sanding - 1,4,12/2/2021 18:53,782777,SP400-IR-4,247.9,1450,247.9,1450,245,1,1
Auto sanding - 1,5,12/2/2021 18:53,782777,SP400-IR-4,248.5,1450,248.5,1450,245,1,1
Auto sanding - 1,1,12/4/2021 21:07,784666,SP400-IR-4,248.8,1450,248.8,1450,245,1,1
Auto sanding - 1,2,12/4/2021 21:08,784666,SP400-IR-4,250,1450,250,1450,245,1,1
Auto sanding - 1,3,12/4/2021 21:08,784666,SP400-IR-4,249.2,1450,249.2,1450,245,1,1
Auto sanding - 1,4,12/4/2021 21:08,784666,SP400-IR-4,250,1450,250,1450,245,1,1
Auto sanding - 1,5,12/4/2021 21:08,784666,SP400-IR-4,246.6,1450,246.6,1450,245,1,1
Auto sanding - 1,1,12/14/2021 17:25,792211,SP400-IR-4,247.9,1450,247.9,1450,245,1,1
Auto sanding - 1,2,12/14/2021 17:25,792211,SP400-IR-4,247.2,1450,247.2,1450,245,1,1
Auto sanding - 1,3,12/14/2021 17:26,792211,SP400-IR-4,247.2,1450,247.2,1450,245,1,1
Auto sanding - 1,4,12/14/2021 17:26,792211,SP400-IR-4,247.5,1450,247.5,1450,245,1,1
Auto sanding - 1,5,12/14/2021 17:26,792211,SP400-IR-4,248.1,1450,248.1,1450,245,1,1
Auto sanding - 1,4,12/16/2021 7:20,792216,SP400-IR-4,247.1,1450,247.1,1450,245,1,1
Auto sanding - 1,5,12/16/2021 7:20,792216,SP400-IR-4,249.8,1450,249.8,1450,245,1,1
Auto sanding - 1,1,12/16/2021 7:35,792216,SP400-IR-4,248.6,1450,248.6,1450,245,1,1
Auto sanding - 1,1,12/16/2021 9:59,792204,SP400-IR-4,246.3,1450,246.3,1450,245,1,1
Auto sanding - 1,2,12/16/2021 9:59,792204,SP400-IR-4,246.3,1450,246.3,1450,245,1,1
Auto sanding - 1,1,12/16/2021 12:43,792215,SP400-IR-4,246.3,1450,246.3,1450,245,1,1
Auto sanding - 1,2,12/16/2021 12:44,792215,SP400-IR-4,247,1450,247,1450,245,1,1
Auto sanding - 1,3,12/16/2021 12:44,792215,SP400-IR-4,248.6,1450,248.6,1450,245,1,1
Auto sanding - 1,4,12/16/2021 12:44,792215,SP400-IR-4,247.4,1450,247.4,1450,245,1,1
Auto sanding - 1,5,12/16/2021 12:44,792215,SP400-IR-4,249.5,1450,249.5,1450,245,1,1
Auto sanding - 1,1,12/16/2021 12:45,792206,SP400-IR-4,246.9,1450,246.9,1450,245,1,1
Auto sanding - 1,2,12/16/2021 12:45,792206,SP400-IR-4,248,1450,248,1450,245,1,1
Auto sanding - 1,3,12/16/2021 12:45,792206,SP400-IR-4,248.5,1450,248.5,1450,245,1,1
Auto sanding - 1,4,12/16/2021 12:59,792206,SP400-IR-4,247.1,1450,247.1,1450,245,1,1
Auto sanding - 1,5,12/16/2021 12:59,792206,SP400-IR-4,247.3,1450,247.3,1450,245,1,1
Auto sanding - 1,1,12/16/2021 16:50,792202,SP400-IR-4,248.3,1450,248.3,1450,245,1,1
Auto sanding - 1,2,12/16/2021 16:51,792202,SP400-IR-4,247.8,1450,247.8,1450,245,1,1
Auto sanding - 1,3,12/16/2021 16:51,792202,SP400-IR-4,248.8,1450,248.8,1450,245,1,1
Auto sanding - 1,4,12/16/2021 16:58,792202,SP400-IR-4,247.2,1450,247.2,1450,245,1,1
Auto sanding - 1,1,12/16/2021 18:51,792200,SP400-IR-4,249.9,1450,249.9,1450,245,1,1
Auto sanding - 1,2,12/16/2021 18:51,792200,SP400-IR-4,250.1,1450,250.1,1450,245,1,1
Auto sanding - 1,3,12/16/2021 18:51,792200,SP400-IR-4,247.3,1450,247.3,1450,245,1,1
Auto sanding - 1,4,12/16/2021 18:51,792200,SP400-IR-4,248.6,1450,248.6,1450,245,1,1
Auto sanding - 1,5,12/16/2021 19:04,792200,SP400-IR-4,246.9,1450,246.9,1450,245,1,1
Auto sanding - 1,1,12/16/2021 20:21,792208,SP400-IR-4,250,1450,250,1450,245,1,1
Auto sanding - 1,2,12/16/2021 20:22,792208,SP400-IR-4,249.7,1450,249.7,1450,245,1,1
Auto sanding - 1,3,12/16/2021 20:23,792208,SP400-IR-4,249.1,1450,249.1,1450,245,1,1
Auto sanding - 1,4,12/16/2021 20:23,792208,SP400-IR-4,250.3,1450,250.3,1450,245,1,1
Auto sanding - 1,5,12/16/2021 20:23,792208,SP400-IR-4,250.1,1450,250.1,1450,245,1,1
Auto sanding - 1,1,12/17/2021 0:10,792221,SP400-IR-4,248,1450,248,1450,245,1,1
Auto sanding - 1,2,12/17/2021 0:10,792221,SP400-IR-4,249.3,1450,249.3,1450,245,1,1
Auto sanding - 1,3,12/17/2021 0:10,792221,SP400-IR-4,248.4,1450,248.4,1450,245,1,1
Auto sanding - 1,4,12/17/2021 0:11,792221,SP400-IR-4,249,1450,249,1450,245,1,1
Auto sanding - 1,1,12/17/2021 0:27,792219,SP400-IR-4,247,1450,247,1450,245,1,1
Auto sanding - 1,2,12/17/2021 0:28,792219,SP400-IR-4,249.3,1450,249.3,1450,245,1,1
Auto sanding - 1,3,12/17/2021 0:30,792219,SP400-IR-4,249,1450,249,1450,245,1,1
Auto sanding - 1,4,12/17/2021 0:31,792219,SP400-IR-4,247,1450,247,1450,245,1,1
Auto sanding - 1,5,12/17/2021 0:32,792219,SP400-IR-4,250.3,1450,250.3,1450,245,1,1
Auto sanding - 1,1,12/17/2021 9:35,792214,SP400-IR-4,246.4,1450,246.4,1450,245,1,1
Auto sanding - 1,2,12/17/2021 9:36,792214,SP400-IR-4,247.1,1450,247.1,1450,245,1,1
Auto sanding - 1,3,12/17/2021 9:36,792214,SP400-IR-4,246.2,1450,246.2,1450,245,1,1
Auto sanding - 1,4,12/17/2021 9:36,792214,SP400-IR-4,245.9,1450,245.9,1450,245,1,1
Auto sanding - 1,5,12/17/2021 9:37,792214,SP400-IR-4,246.8,1450,246.8,1450,245,1,1
Auto sanding - 1,1,12/17/2021 10:08,792220,SP400-IR-4,247.5,1450,247.5,1450,245,1,1
Auto sanding - 1,2,12/17/2021 10:08,792220,SP400-IR-4,248.2,1450,248.2,1450,245,1,1
Auto sanding - 1,3,12/17/2021 10:09,792220,SP400-IR-4,250.2,1450,250.2,1450,245,1,1
Auto sanding - 1,4,12/17/2021 10:09,792220,SP400-IR-4,249.2,1450,249.2,1450,245,1,1
Auto sanding - 1,5,12/17/2021 10:09,792220,SP400-IR-4,246.6,1450,246.6,1450,245,1,1
Auto sanding - 1,1,12/17/2021 12:58,792218,SP400-IR-4,248.8,1450,248.8,1450,245,1,1
Auto sanding - 1,2,12/17/2021 12:58,792218,SP400-IR-4,247.5,1450,247.5,1450,245,1,1
Auto sanding - 1,5,12/17/2021 13:33,792198,SP400-IR-4,246.6,1450,246.6,1450,245,1,1
Auto sanding - 1,1,12/17/2021 13:34,792198,SP400-IR-4,248.8,1450,248.8,1450,245,1,1
Auto sanding - 1,1,12/17/2021 14:53,792225,SP400-IR-4,246.9,1450,246.9,1450,245,1,1
Auto sanding - 1,2,12/17/2021 14:53,792225,SP400-IR-4,248.5,1450,248.5,1450,245,1,1
Auto sanding - 1,3,12/17/2021 14:53,792225,SP400-IR-4,248.8,1450,248.8,1450,245,1,1
Auto sanding - 1,4,12/17/2021 14:53,792225,SP400-IR-4,249.1,1450,249.1,1450,245,1,1
Auto sanding - 1,1,12/17/2021 14:53,794968,SP400-IR-4,246.1,1450,246.1,1450,245,1,1
Auto sanding - 1,5,12/17/2021 14:54,792225,SP400-IR-4,250.3,1450,250.3,1450,245,1,1
Auto sanding - 1,2,12/17/2021 14:55,794968,SP400-IR-4,245.6,1450,245.6,1450,245,1,1
Auto sanding - 1,3,12/17/2021 14:55,794968,SP400-IR-4,248.1,1450,248.1,1450,245,1,1
Auto sanding - 1,4,12/17/2021 14:55,794968,SP400-IR-4,247.7,1450,247.7,1450,245,1,1
Auto sanding - 1,5,12/17/2021 14:55,794968,SP400-IR-4,247.2,1450,247.2,1450,245,1,1
Auto sanding - 1,1,12/17/2021 14:58,794968,SP400-IR-4,247,1450,247,1450,245,1,1
Auto sanding - 1,1,12/17/2021 15:15,792212,SP400-IR-4,248.1,1450,248.1,1450,245,1,1
Auto sanding - 1,2,12/17/2021 15:20,792212,SP400-IR-4,248.3,1450,248.3,1450,245,1,1
Auto sanding - 1,1,12/17/2021 16:31,794967,SP400-IR-4,248.6,1450,248.6,1450,245,1,1
Auto sanding - 1,2,12/17/2021 16:33,794967,SP400-IR-4,246.7,1450,246.7,1450,245,1,1
Auto sanding - 1,3,12/17/2021 16:33,794967,SP400-IR-4,249.3,1450,249.3,1450,245,1,1
Auto sanding - 1,4,12/17/2021 16:37,794967,SP400-IR-4,247.9,1450,247.9,1450,245,1,1
Auto sanding - 1,5,12/17/2021 16:42,794967,SP400-IR-4,248.5,1450,248.5,1450,245,1,1
Auto sanding - 1,1,12/17/2021 16:43,794966,SP400-IR-4,246.5,1450,246.5,1450,245,1,1
Auto sanding - 1,2,12/17/2021 16:44,794966,SP400-IR-4,247.2,1450,247.2,1450,245,1,1
Auto sanding - 1,3,12/17/2021 16:44,794966,SP400-IR-4,248,1450,248,1450,245,1,1
Auto sanding - 1,4,12/17/2021 16:44,794966,SP400-IR-4,247,1450,247,1450,245,1,1
Auto sanding - 1,5,12/17/2021 16:47,794966,SP400-IR-4,250.2,1450,250.2,1450,245,1,1
Auto sanding - 1,1,12/17/2021 4:50,792196,SP400-IR-4,247.3,1450,247.3,1450,245,1,1
Auto sanding - 1,2,12/17/2021 4:51,792196,SP400-IR-4,249.4,1450,249.4,1450,245,1,1
Auto sanding - 1,3,12/17/2021 4:51,792196,SP400-IR-4,248.4,1450,248.4,1450,245,1,1
Auto sanding - 1,4,12/17/2021 4:54,792196,SP400-IR-4,247.7,1450,247.7,1450,245,1,1
Auto sanding - 1,5,12/17/2021 4:54,792196,SP400-IR-4,248,1450,248,1450,245,1,1
Auto sanding - 1,1,12/18/2021 0:30,794965,SP400-IR-4,246,1450,246,1450,245,1,1
Auto sanding - 1,2,12/18/2021 0:30,794965,SP400-IR-4,249.8,1450,249.8,1450,245,1,1
Auto sanding - 1,3,12/18/2021 0:30,794965,SP400-IR-4,249.2,1450,249.2,1450,245,1,1
Auto sanding - 1,4,12/18/2021 0:31,794965,SP400-IR-4,249.2,1450,249.2,1450,245,1,1
Auto sanding - 1,5,12/18/2021 0:31,794965,SP400-IR-4,249.4,1450,249.4,1450,245,1,1
Auto sanding - 1,1,12/17/2021 12:45,794961,SP400-IR-4,246.4,1450,246.4,1450,245,1,1
Auto sanding - 1,2,12/17/2021 12:45,794961,SP400-IR-4,247.6,1450,247.6,1450,245,1,1
Auto sanding - 1,3,12/17/2021 12:45,794961,SP400-IR-4,247.8,1450,247.8,1450,245,1,1
Auto sanding - 1,4,12/17/2021 12:46,794961,SP400-IR-4,249.7,1450,249.7,1450,245,1,1
Auto sanding - 1,5,12/17/2021 12:46,794961,SP400-IR-4,249.8,1450,249.8,1450,245,1,1
Auto sanding - 1,1,12/17/2021 12:48,794961,SP400-IR-4,249.4,1450,249.4,1450,245,1,1
Auto sanding - 1,1,12/17/2021 15:07,792217,SP400-IR-4,249.7,1450,249.7,1450,245,1,1
Auto sanding - 1,2,12/17/2021 15:07,792217,SP400-IR-4,246.4,1450,246.4,1450,245,1,1
Auto sanding - 1,3,12/17/2021 15:07,792217,SP400-IR-4,250.1,1450,250.1,1450,245,1,1
Auto sanding - 1,4,12/17/2021 15:08,792217,SP400-IR-4,249.6,1450,249.6,1450,245,1,1
Auto sanding - 1,5,12/17/2021 15:08,792217,SP400-IR-4,248.5,1450,248.5,1450,245,1,1
Auto sanding - 1,1,12/18/2021 9:15,794953,SP400-IR-4,247.1,1450,247.1,1450,245,1,1
Auto sanding - 1,1,12/18/2021 15:01,794949,SP400-IR-4,248.8,1450,248.8,1450,245,1,1
Auto sanding - 1,1,12/18/2021 3:14,794957,SP400-IR-4,248.7,1450,248.7,1450,245,1,1
Auto sanding - 1,2,12/18/2021 3:14,794957,SP400-IR-4,248.2,1450,248.2,1450,245,1,1
Auto sanding - 1,3,12/18/2021 3:14,794957,SP400-IR-4,249,1450,249,1450,245,1,1
Auto sanding - 1,4,12/18/2021 3:14,794957,SP400-IR-4,249.1,1450,249.1,1450,245,1,1
Auto sanding - 1,5,12/18/2021 3:14,794957,SP400-IR-4,248.7,1450,248.7,1450,245,1,1
Auto sanding - 1,1,12/18/2021 14:56,794964,SP400-IR-4,249.4,1450,249.4,1450,245,1,1
Auto sanding - 1,2,12/18/2021 14:56,794964,SP400-IR-4,249.5,1450,249.5,1450,245,1,1
Auto sanding - 1,3,12/18/2021 14:56,794964,SP400-IR-4,249.7,1450,249.7,1450,245,1,1
Auto sanding - 1,4,12/18/2021 14:56,794964,SP400-IR-4,250.3,1450,250.3,1450,245,1,1
Auto sanding - 1,5,12/18/2021 14:57,794964,SP400-IR-4,249.7,1450,249.7,1450,245,1,1
Auto sanding - 1,1,12/19/2021 4:00,796168,SP400-IR-4,248.7,1450,248.7,1450,245,1,1
Auto sanding - 1,2,12/19/2021 4:10,796168,SP400-IR-4,248.7,1450,248.7,1450,245,1,1
Auto sanding - 1,3,12/19/2021 4:10,796168,SP400-IR-4,247.5,1450,247.5,1450,245,1,1
Auto sanding - 1,1,12/18/2021 16:20,796255,SP400-IR-4,250.1,1450,250.1,1450,245,1,1
Auto sanding - 1,2,12/18/2021 16:21,796255,SP400-IR-4,249.9,1450,249.9,1450,245,1,1
Auto sanding - 1,3,12/18/2021 16:21,796255,SP400-IR-4,250.3,1450,250.3,1450,245,1,1
Auto sanding - 1,4,12/18/2021 16:21,796255,SP400-IR-4,250.3,1450,250.3,1450,245,1,1
Auto sanding - 1,5,12/18/2021 16:21,796255,SP400-IR-4,250.1,1450,250.1,1450,245,1,1
Auto sanding - 1,1,12/20/2021 6:06,795797,SP400-IR-4,250.1,1450,250.1,1450,245,1,1
Auto sanding - 1,2,12/20/2021 6:07,795797,SP400-IR-4,247.5,1450,247.5,1450,245,1,1
Auto sanding - 1,3,12/20/2021 6:07,795797,SP400-IR-4,249.9,1450,249.9,1450,245,1,1
Auto sanding - 1,4,12/20/2021 6:08,795797,SP400-IR-4,249.7,1450,249.7,1450,245,1,1
Auto sanding - 1,5,12/20/2021 6:08,795797,SP400-IR-4,246,1450,246,1450,245,1,1
Auto sanding - 1,1,12/20/2021 6:33,794963,SP400-IR-4,249.6,1450,249.6,1450,245,1,1
Auto sanding - 1,2,12/20/2021 6:33,794963,SP400-IR-4,247.7,1450,247.7,1450,245,1,1
Auto sanding - 1,3,12/20/2021 6:34,794963,SP400-IR-4,249.8,1450,249.8,1450,245,1,1
Auto sanding - 1,4,12/20/2021 6:34,794963,SP400-IR-4,248.1,1450,248.1,1450,245,1,1
Auto sanding - 1,5,12/20/2021 6:34,794963,SP400-IR-4,247.8,1450,247.8,1450,245,1,1
Auto sanding - 1,3,12/20/2021 10:05,796251,SP400-IR-4,247,1450,247,1450,245,1,1
Auto sanding - 1,4,12/20/2021 10:08,796251,SP400-IR-4,249.8,1450,249.8,1450,245,1,1
Auto sanding - 1,5,12/20/2021 10:08,796251,SP400-IR-4,246.5,1450,246.5,1450,245,1,1
Auto sanding - 1,1,12/20/2021 10:08,796251,SP400-IR-4,249.3,1450,249.3,1450,245,1,1
Auto sanding - 1,2,12/20/2021 10:09,796251,SP400-IR-4,248.9,1450,248.9,1450,245,1,1
Auto sanding - 1,3,12/20/2021 10:09,796251,SP400-IR-4,249.1,1450,249.1,1450,245,1,1
Auto sanding - 1,4,12/20/2021 10:09,796251,SP400-IR-4,248.4,1450,248.4,1450,245,1,1
Auto sanding - 1,5,12/20/2021 10:11,796251,SP400-IR-4,249.6,1450,249.6,1450,245,1,1
Auto sanding - 1,1,12/20/2021 11:38,794945,SP400-IR-4,250,1450,250,1450,245,1,1
Auto sanding - 1,1,12/20/2021 13:09,794945,SP400-IR-4,249,1450,249,1450,245,1,1
Auto sanding - 1,2,12/20/2021 13:09,794945,SP400-IR-4,249.6,1450,249.6,1450,245,1,1
Auto sanding - 1,3,12/20/2021 13:09,794945,SP400-IR-4,249.2,1450,249.2,1450,245,1,1
Auto sanding - 1,4,12/20/2021 13:09,794945,SP400-IR-4,249.2,1450,249.2,1450,245,1,1
Auto sanding - 1,5,12/20/2021 13:09,794945,SP400-IR-4,247,1450,247,1450,245,1,1
Auto sanding - 1,1,12/20/2021 13:10,794945,SP400-IR-4,248.6,1450,248.6,1450,245,1,1
Auto sanding - 1,2,12/20/2021 13:10,794945,SP400-IR-4,248.4,1450,248.4,1450,245,1,1
Auto sanding - 1,3,12/20/2021 13:10,794945,SP400-IR-4,249.9,1450,249.9,1450,245,1,1
Auto sanding - 1,4,12/20/2021 13:10,794945,SP400-IR-4,249.5,1450,249.5,1450,245,1,1
Auto sanding - 1,5,12/20/2021 13:11,794945,SP400-IR-4,249.7,1450,249.7,1450,245,1,1
Auto sanding - 1,1,12/20/2021 22:38,794854,SP400-IR-4,248.1,1450,248.1,1450,245,1,1
Auto sanding - 1,2,12/20/2021 22:38,794854,SP400-IR-4,248.7,1450,248.7,1450,245,1,1
Auto sanding - 1,3,12/20/2021 22:39,794854,SP400-IR-4,249.8,1450,249.8,1450,245,1,1
Auto sanding - 1,4,12/20/2021 22:39,794854,SP400-IR-4,248.4,1450,248.4,1450,245,1,1
Auto sanding - 1,5,12/20/2021 22:39,794854,SP400-IR-4,246.2,1450,246.2,1450,245,1,1
Auto sanding - 1,1,12/21/2021 4:59,796978,SP400-IR-4,249.3,1450,249.3,1450,245,1,1
Auto sanding - 1,2,12/21/2021 4:59,796978,SP400-IR-4,249.8,1450,249.8,1450,245,1,1
Auto sanding - 1,3,12/21/2021 4:59,796978,SP400-IR-4,250,1450,250,1450,245,1,1
Auto sanding - 1,4,12/21/2021 4:59,796978,SP400-IR-4,247.5,1450,247.5,1450,245,1,1
Auto sanding - 1,5,12/21/2021 5:00,796978,SP400-IR-4,248.1,1450,248.1,1450,245,1,1
Auto sanding - 1,1,12/21/2021 5:01,796978,SP400-IR-4,247.2,1450,247.2,1450,245,1,1
Auto sanding - 1,1,12/21/2021 7:44,797330,SP400-IR-4,247.5,1450,247.5,1450,245,1,1
Auto sanding - 1,2,12/21/2021 7:44,797330,SP400-IR-4,246.7,1450,246.7,1450,245,1,1
Auto sanding - 1,3,12/21/2021 7:44,797330,SP400-IR-4,249.6,1450,249.6,1450,245,1,1
Auto sanding - 1,4,12/21/2021 7:45,797330,SP400-IR-4,249.9,1450,249.9,1450,245,1,1
Auto sanding - 1,5,12/21/2021 7:45,797330,SP400-IR-4,249.1,1450,249.1,1450,245,1,1
Auto sanding - 1,1,12/22/2021 14:48,798386,SP400-IR-4,248.9,1450,248.9,1450,245,1,1
Auto sanding - 1,2,12/22/2021 14:48,798386,SP400-IR-4,248.8,1450,248.8,1450,245,1,1
Auto sanding - 1,3,12/22/2021 14:48,798386,SP400-IR-4,248.9,1450,248.9,1450,245,1,1
Auto sanding - 1,4,12/22/2021 14:48,798386,SP400-IR-4,249,1450,249,1450,245,1,1
Auto sanding - 1,5,12/22/2021 14:48,798386,SP400-IR-4,248.8,1450,248.8,1450,245,1,1
Auto sanding - 1,1,12/22/2021 22:34,798556,SP400-IR-4,249.7,1450,249.7,1450,245,1,1
Auto sanding - 1,2,12/22/2021 22:35,798556,SP400-IR-4,248,1450,248,1450,245,1,1
Auto sanding - 1,3,12/22/2021 22:35,798556,SP400-IR-4,248.7,1450,248.7,1450,245,1,1
Auto sanding - 1,4,12/22/2021 22:35,798556,SP400-IR-4,250.1,1450,250.1,1450,245,1,1
Auto sanding - 1,5,12/22/2021 22:35,798556,SP400-IR-4,249.5,1450,249.5,1450,245,1,1
Auto sanding - 1,1,12/22/2021 22:36,798555,SP400-IR-4,250.3,1450,250.3,1450,245,1,1
Auto sanding - 1,2,12/22/2021 22:36,798555,SP400-IR-4,249.4,1450,249.4,1450,245,1,1
Auto sanding - 1,3,12/22/2021 22:36,798555,SP400-IR-4,249.8,1450,249.8,1450,245,1,1
Auto sanding - 1,4,12/22/2021 22:36,798555,SP400-IR-4,248.8,1450,248.8,1450,245,1,1
Auto sanding - 1,5,12/22/2021 22:37,798555,SP400-IR-4,249.5,1450,249.5,1450,245,1,1
Auto sanding - 1,3,12/23/2021 3:59,798537,SP400-IR-4,249.9,1450,249.9,1450,245,1,1
Auto sanding - 1,1,12/23/2021 4:57,9999999,SP400-IR-4,249.7,1450,249.7,1450,245,1,1
Auto sanding - 1,2,12/23/2021 4:57,9999999,SP400-IR-4,249.3,1450,249.3,1450,245,1,1
Auto sanding - 1,3,12/23/2021 4:57,9999999,SP400-IR-4,247.1,1450,247.1,1450,245,1,1
Auto sanding - 1,4,12/23/2021 4:57,9999999,SP400-IR-4,249.1,1450,249.1,1450,245,1,1
Auto sanding - 1,5,12/23/2021 4:58,9999999,SP400-IR-4,250,1450,250,1450,245,1,1
Auto sanding - 1,1,12/23/2021 5:05,798539,SP400-IR-4,249.7,1450,249.7,1450,245,1,1
Auto sanding - 1,2,12/23/2021 5:06,798539,SP400-IR-4,249.2,1450,249.2,1450,245,1,1
Auto sanding - 1,3,12/23/2021 5:06,798539,SP400-IR-4,250.1,1450,250.1,1450,245,1,1
Auto sanding - 1,4,12/23/2021 5:06,798539,SP400-IR-4,250,1450,250,1450,245,1,1
Auto sanding - 1,5,12/23/2021 5:06,798539,SP400-IR-4,248.6,1450,248.6,1450,245,1,1
Auto sanding - 1,1,12/22/2021 20:44,798535,SP400-IR-4,249.9,1450,249.9,1450,245,1,1
Auto sanding - 1,2,12/22/2021 20:45,798535,SP400-IR-4,248,1450,248,1450,245,1,1
Auto sanding - 1,3,12/22/2021 20:45,798535,SP400-IR-4,250,1450,250,1450,245,1,1
Auto sanding - 1,4,12/22/2021 20:45,798535,SP400-IR-4,250,1450,250,1450,245,1,1
Auto sanding - 1,5,12/22/2021 20:45,798535,SP400-IR-4,249.8,1450,249.8,1450,245,1,1
Auto sanding - 1,1,12/22/2021 20:49,798535,SP400-IR-4,249.2,1450,249.2,1450,245,1,1
Auto sanding - 1,2,12/22/2021 20:49,798535,SP400-IR-4,249.3,1450,249.3,1450,245,1,1
Auto sanding - 1,3,12/22/2021 20:50,798535,SP400-IR-4,248.8,1450,248.8,1450,245,1,1
Auto sanding - 1,4,12/22/2021 20:50,798535,SP400-IR-4,248.4,1450,248.4,1450,245,1,1
Auto sanding - 1,1,12/23/2021 0:42,798531,SP400-IR-4,250.3,1450,250.3,1450,245,1,1
Auto sanding - 1,2,12/23/2021 0:43,798531,SP400-IR-4,249.7,1450,249.7,1450,245,1,1
Auto sanding - 1,3,12/23/2021 0:44,798531,SP400-IR-4,249.9,1450,249.9,1450,245,1,1
Auto sanding - 1,4,12/23/2021 0:45,798531,SP400-IR-4,249.5,1450,249.5,1450,245,1,1
Auto sanding - 1,5,12/23/2021 0:45,798531,SP400-IR-4,249.5,1450,249.5,1450,245,1,1
Auto sanding - 1,1,12/23/2021 1:28,798550,SP400-IR-4,250,1450,250,1450,245,1,1
Auto sanding - 1,2,12/23/2021 1:32,798550,SP400-IR-4,249.7,1450,249.7,1450,245,1,1
Auto sanding - 1,3,12/23/2021 1:33,798550,SP400-IR-4,249.7,1450,249.7,1450,245,1,1
Auto sanding - 1,4,12/23/2021 1:33,798550,SP400-IR-4,249.1,1450,249.1,1450,245,1,1
Auto sanding - 1,5,12/23/2021 1:33,798550,SP400-IR-4,248.9,1450,248.9,1450,245,1,1
Auto sanding - 1,1,12/23/2021 1:33,798550,SP400-IR-4,248.1,1450,248.1,1450,245,1,1
Auto sanding - 1,2,12/23/2021 1:33,798550,SP400-IR-4,248.2,1450,248.2,1450,245,1,1
Auto sanding - 1,3,12/23/2021 1:33,798550,SP400-IR-4,246.6,1450,246.6,1450,245,1,1
Auto sanding - 1,4,12/23/2021 1:34,798550,SP400-IR-4,247.9,1450,247.9,1450,245,1,1
Auto sanding - 1,5,12/23/2021 1:34,798550,SP400-IR-4,248.8,1450,248.8,1450,245,1,1
Auto sanding - 1,1,12/23/2021 3:56,798551,SP400-IR-4,247.2,1450,247.2,1450,245,1,1
Auto sanding - 1,2,12/23/2021 3:56,798551,SP400-IR-4,247.4,1450,247.4,1450,245,1,1
Auto sanding - 1,3,12/23/2021 3:56,798551,SP400-IR-4,246.3,1450,246.3,1450,245,1,1
Auto sanding - 1,4,12/23/2021 3:56,798551,SP400-IR-4,246.9,1450,246.9,1450,245,1,1
Auto sanding - 1,5,12/23/2021 3:56,798551,SP400-IR-4,247.5,1450,247.5,1450,245,1,1
Auto sanding - 1,2,12/23/2021 18:38,798545,SP400-IR-4,247.9,1450,247.9,1450,245,1,1
Auto sanding - 1,3,12/23/2021 18:39,798545,SP400-IR-4,248.6,1450,248.6,1450,245,1,1
Auto sanding - 1,4,12/23/2021 18:39,798545,SP400-IR-4,249,1450,249,1450,245,1,1
Auto sanding - 1,5,12/23/2021 18:41,798545,SP400-IR-4,248.4,1450,248.4,1450,245,1,1
Auto sanding - 1,1,12/23/2021 18:46,798546,SP400-IR-4,249.3,1450,249.3,1450,245,1,1
Auto sanding - 1,2,12/23/2021 18:46,798546,SP400-IR-4,249.1,1450,249.1,1450,245,1,1
Auto sanding - 1,3,12/23/2021 18:47,798546,SP400-IR-4,249.5,1450,249.5,1450,245,1,1
Auto sanding - 1,4,12/23/2021 18:47,798546,SP400-IR-4,247.1,1450,247.1,1450,245,1,1
Auto sanding - 1,5,12/23/2021 18:47,798546,SP400-IR-4,248.8,1450,248.8,1450,245,1,1
Auto sanding - 1,1,12/23/2021 20:20,798529,SP400-IR-4,247.8,1450,247.8,1450,245,1,1
Auto sanding - 1,2,12/23/2021 20:20,798529,SP400-IR-4,246.8,1450,246.8,1450,245,1,1
Auto sanding - 1,3,12/23/2021 20:20,798529,SP400-IR-4,246.3,1450,246.3,1450,245,1,1
Auto sanding - 1,4,12/23/2021 20:21,798529,SP400-IR-4,250.1,1450,250.1,1450,245,1,1
Auto sanding - 1,5,12/23/2021 20:21,798529,SP400-IR-4,248.7,1450,248.7,1450,245,1,1
Auto sanding - 1,1,12/23/2021 21:24,798544,SP400-IR-4,248.3,1450,248.3,1450,245,1,1
Auto sanding - 1,2,12/23/2021 21:25,798544,SP400-IR-4,249.8,1450,249.8,1450,245,1,1
Auto sanding - 1,3,12/23/2021 21:25,798544,SP400-IR-4,249.8,1450,249.8,1450,245,1,1
Auto sanding - 1,4,12/23/2021 21:25,798544,SP400-IR-4,249.3,1450,249.3,1450,245,1,1
Auto sanding - 1,5,12/23/2021 21:27,798544,SP400-IR-4,247.1,1450,247.1,1450,245,1,1
Auto sanding - 1,1,12/24/2021 2:39,798547,SP400-IR-4,250.4,1450,250.4,1450,245,1,1
Auto sanding - 1,2,12/24/2021 2:39,798547,SP400-IR-4,248.2,1450,248.2,1450,245,1,1
Auto sanding - 1,3,12/24/2021 2:40,798547,SP400-IR-4,250.1,1450,250.1,1450,245,1,1
Auto sanding - 1,4,12/24/2021 2:40,798547,SP400-IR-4,249.2,1450,249.2,1450,245,1,1
Auto sanding - 1,5,12/24/2021 2:41,798547,SP400-IR-4,248.5,1450,248.5,1450,245,1,1
Auto sanding - 1,1,12/24/2021 4:08,799874,SP400-IR-4,248.6,1450,248.6,1450,245,1,1
Auto sanding - 1,2,12/24/2021 4:08,799874,SP400-IR-4,247.6,1450,247.6,1450,245,1,1
Auto sanding - 1,3,12/24/2021 4:08,799874,SP400-IR-4,248.3,1450,248.3,1450,245,1,1
Auto sanding - 1,4,12/24/2021 4:09,799874,SP400-IR-4,246.1,1450,246.1,1450,245,1,1
Auto sanding - 1,5,12/24/2021 4:09,799874,SP400-IR-4,248.1,1450,248.1,1450,245,1,1
Auto sanding - 1,1,12/24/2021 9:40,798549,SP400-IR-4,247.5,1450,247.5,1450,245,1,1
Auto sanding - 1,2,12/24/2021 9:40,798549,SP400-IR-4,249.4,1450,249.4,1450,245,1,1
Auto sanding - 1,3,12/24/2021 9:41,798549,SP400-IR-4,247.3,1450,247.3,1450,245,1,1
Auto sanding - 1,4,12/24/2021 9:41,798549,SP400-IR-4,248.4,1450,248.4,1450,245,1,1
Auto sanding - 1,5,12/24/2021 9:41,798549,SP400-IR-4,248.1,1450,248.1,1450,245,1,1
Auto sanding - 1,1,12/24/2021 9:41,798549,SP400-IR-4,248.5,1450,248.5,1450,245,1,1
Auto sanding - 1,2,12/24/2021 9:42,798549,SP400-IR-4,247.9,1450,247.9,1450,245,1,1
Auto sanding - 1,3,12/24/2021 9:42,798549,SP400-IR-4,247.9,1450,247.9,1450,245,1,1
Auto sanding - 1,4,12/24/2021 9:42,798549,SP400-IR-4,247.9,1450,247.9,1450,245,1,1
Auto sanding - 1,5,12/24/2021 9:42,798549,SP400-IR-4,247.9,1450,247.9,1450,245,1,1
Auto sanding - 1,4,12/25/2021 19:23,800853,SP400-IR-4,247.5,1450,247.5,1450,245,1,1
Auto sanding - 1,5,12/25/2021 19:23,800853,SP400-IR-4,249.7,1450,249.7,1450,245,1,1
Auto sanding - 1,1,12/28/2021 22:41,804087,SP400-IR-4,248.1,1450,248.1,1450,245,1,1
Auto sanding - 1,2,12/28/2021 22:41,804087,SP400-IR-4,248.6,1450,248.6,1450,245,1,1
Auto sanding - 1,3,12/28/2021 22:41,804087,SP400-IR-4,246.9,1450,246.9,1450,245,1,1
Auto sanding - 1,4,12/28/2021 22:41,804087,SP400-IR-4,249.6,1450,249.6,1450,245,1,1
Auto sanding - 1,5,12/28/2021 22:41,804087,SP400-IR-4,249.4,1450,249.4,1450,245,1,1
Auto sanding - 1,1,12/30/2021 18:42,805185,SP400-IR-4,249.7,1450,249.7,1450,245,1,1
Auto sanding - 1,2,12/30/2021 18:43,805185,SP400-IR-4,249.4,1450,249.4,1450,245,1,1
Auto sanding - 1,3,12/30/2021 18:43,805185,SP400-IR-4,249,1450,249,1450,245,1,1
Auto sanding - 1,4,12/30/2021 18:43,805185,SP400-IR-4,247.4,1450,247.4,1450,245,1,1
Auto sanding - 1,5,12/30/2021 18:44,805185,SP400-IR-4,249.9,1450,249.9,1450,245,1,1
Auto sanding - 1,1,1/4/2022 0:35,807256,SP400-IR-4,246.3,1450,246.3,1450,245,1,1
Auto sanding - 1,2,1/4/2022 0:51,807256,SP400-IR-4,248,1450,248,1450,245,1,1
Auto sanding - 1,3,1/4/2022 0:51,807256,SP400-IR-4,247.9,1450,247.9,1450,245,1,1
Auto sanding - 1,4,1/4/2022 0:51,807256,SP400-IR-4,248,1450,248,1450,245,1,1
Auto sanding - 1,5,1/4/2022 0:51,807256,SP400-IR-4,248.1,1450,248.1,1450,245,1,1
Auto sanding - 1,1,1/4/2022 0:53,807144,SP400-IR-4,248.4,1450,248.4,1450,245,1,1
Auto sanding - 1,2,1/4/2022 0:53,807144,SP400-IR-4,247.7,1450,247.7,1450,245,1,1
Auto sanding - 1,3,1/4/2022 0:53,807144,SP400-IR-4,249.1,1450,249.1,1450,245,1,1
Auto sanding - 1,4,1/4/2022 0:53,807144,SP400-IR-4,247.7,1450,247.7,1450,245,1,1
Auto sanding - 1,5,1/4/2022 0:54,807144,SP400-IR-4,249.6,1450,249.6,1450,245,1,1
Auto sanding - 1,1,1/3/2022 14:48,807143,SP400-IR-4,246.1,1450,246.1,1450,245,1,1
Auto sanding - 1,2,1/3/2022 14:48,807143,SP400-IR-4,247.8,1450,247.8,1450,245,1,1
Auto sanding - 1,3,1/3/2022 14:48,807143,SP400-IR-4,247.7,1450,247.7,1450,245,1,1
Auto sanding - 1,4,1/3/2022 14:49,807143,SP400-IR-4,247.1,1450,247.1,1450,245,1,1
Auto sanding - 1,5,1/3/2022 14:49,807143,SP400-IR-4,246.8,1450,246.8,1450,245,1,1
Auto sanding - 1,1,1/4/2022 2:52,807145,SP400-IR-4,249.5,1450,249.5,1450,245,1,1
Auto sanding - 1,2,1/4/2022 2:57,807145,SP400-IR-4,248.5,1450,248.5,1450,245,1,1
Auto sanding - 1,3,1/4/2022 3:00,807145,SP400-IR-4,248.8,1450,248.8,1450,245,1,1
Auto sanding - 1,4,1/4/2022 3:03,807145,SP400-IR-4,249.3,1450,249.3,1450,245,1,1
Auto sanding - 1,5,1/4/2022 3:03,807145,SP400-IR-4,249.5,1450,249.5,1450,245,1,1
Auto sanding - 1,1,1/4/2022 3:04,807145,SP400-IR-4,249,1450,249,1450,245,1,1
Auto sanding - 1,2,1/4/2022 3:04,807145,SP400-IR-4,248.8,1450,248.8,1450,245,1,1
Auto sanding - 1,3,1/4/2022 3:05,807145,SP400-IR-4,249.5,1450,249.5,1450,245,1,1
Auto sanding - 1,4,1/4/2022 3:05,807145,SP400-IR-4,247,1450,247,1450,245,1,1
Auto sanding - 1,5,1/4/2022 3:05,807145,SP400-IR-4,248.4,1450,248.4,1450,245,1,1
Auto sanding - 1,1,1/4/2022 3:06,807145,SP400-IR-4,246.1,1450,246.1,1450,245,1,1
Auto sanding - 1,2,1/4/2022 3:06,807145,SP400-IR-4,247.8,1450,247.8,1450,245,1,1
Auto sanding - 1,3,1/4/2022 3:06,807145,SP400-IR-4,249.4,1450,249.4,1450,245,1,1
Auto sanding - 1,4,1/4/2022 3:12,807145,SP400-IR-4,248.4,1450,248.4,1450,245,1,1
Auto sanding - 1,5,1/4/2022 3:12,807145,SP400-IR-4,248.3,1450,248.3,1450,245,1,1
Auto sanding - 1,1,1/4/2022 4:56,807146,SP400-IR-4,249.4,1450,249.4,1450,245,1,1
Auto sanding - 1,2,1/4/2022 4:56,807146,SP400-IR-4,248.4,1450,248.4,1450,245,1,1
Auto sanding - 1,3,1/4/2022 4:57,807146,SP400-IR-4,246.4,1450,246.4,1450,245,1,1
Auto sanding - 1,4,1/4/2022 4:57,807146,SP400-IR-4,249.3,1450,249.3,1450,245,1,1
Auto sanding - 1,5,1/4/2022 4:57,807146,SP400-IR-4,248.9,1450,248.9,1450,245,1,1
Auto sanding - 1,1,1/4/2022 4:58,807146,SP400-IR-4,247.2,1450,247.2,1450,245,1,1
Auto sanding - 1,2,1/4/2022 4:58,807146,SP400-IR-4,249.1,1450,249.1,1450,245,1,1
Auto sanding - 1,3,1/4/2022 4:58,807146,SP400-IR-4,246.7,1450,246.7,1450,245,1,1
Auto sanding - 1,4,1/4/2022 4:59,807146,SP400-IR-4,247.9,1450,247.9,1450,245,1,1
Auto sanding - 1,5,1/4/2022 4:59,807146,SP400-IR-4,248.1,1450,248.1,1450,245,1,1
Auto sanding - 1,1,1/4/2022 5:07,807140,SP400-IR-4,248.7,1450,248.7,1450,245,1,1
Auto sanding - 1,2,1/4/2022 5:07,807140,SP400-IR-4,250.3,1450,250.3,1450,245,1,1
Auto sanding - 1,3,1/4/2022 5:08,807140,SP400-IR-4,249.5,1450,249.5,1450,245,1,1
Auto sanding - 1,4,1/4/2022 5:09,807140,SP400-IR-4,247.9,1450,247.9,1450,245,1,1
Auto sanding - 1,5,1/4/2022 5:09,807140,SP400-IR-4,248.2,1450,248.2,1450,245,1,1
Auto sanding - 1,1,1/4/2022 5:11,807140,SP400-IR-4,249.7,1450,249.7,1450,245,1,1
Auto sanding - 1,2,1/4/2022 5:12,807140,SP400-IR-4,248.9,1450,248.9,1450,245,1,1
Auto sanding - 1,3,1/4/2022 5:12,807140,SP400-IR-4,249.2,1450,249.2,1450,245,1,1
Auto sanding - 1,4,1/4/2022 5:13,807140,SP400-IR-4,248.9,1450,248.9,1450,245,1,1
Auto sanding - 1,5,1/4/2022 5:14,807140,SP400-IR-4,248.5,1450,248.5,1450,245,1,1
Auto sanding - 1,1,1/4/2022 5:15,807140,SP400-IR-4,248.3,1450,248.3,1450,245,1,1
Auto sanding - 1,2,1/4/2022 5:16,807140,SP400-IR-4,246.6,1450,246.6,1450,245,1,1
Auto sanding - 1,3,1/4/2022 5:17,807140,SP400-IR-4,248.4,1450,248.4,1450,245,1,1
Auto sanding - 1,4,1/4/2022 5:17,807140,SP400-IR-4,248.3,1450,248.3,1450,245,1,1
Auto sanding - 1,5,1/4/2022 5:17,807140,SP400-IR-4,248.7,1450,248.7,1450,245,1,1
Auto sanding - 1,1,1/4/2022 6:59,807137,SP400-IR-4,248.7,1450,248.7,1450,245,1,1
Auto sanding - 1,2,1/4/2022 7:01,807137,SP400-IR-4,249.1,1450,249.1,1450,245,1,1
Auto sanding - 1,3,1/4/2022 7:03,807137,SP400-IR-4,248.2,1450,248.2,1450,245,1,1
Auto sanding - 1,4,1/4/2022 7:03,807137,SP400-IR-4,249.3,1450,249.3,1450,245,1,1
Auto sanding - 1,5,1/4/2022 7:03,807137,SP400-IR-4,247.6,1450,247.6,1450,245,1,1
Auto sanding - 1,1,1/3/2022 19:28,807134,SP400-IR-4,250,1450,250,1450,245,1,1
Auto sanding - 1,2,1/3/2022 19:28,807134,SP400-IR-4,249.4,1450,249.4,1450,245,1,1
Auto sanding - 1,3,1/3/2022 19:28,807134,SP400-IR-4,246.7,1450,246.7,1450,245,1,1
Auto sanding - 1,4,1/3/2022 19:29,807134,SP400-IR-4,249.7,1450,249.7,1450,245,1,1
Auto sanding - 1,5,1/3/2022 19:30,807134,SP400-IR-4,246.9,1450,246.9,1450,245,1,1
Auto sanding - 1,1,1/3/2022 19:30,807134,SP400-IR-4,247.5,1450,247.5,1450,245,1,1
Auto sanding - 1,1,1/3/2022 20:05,807135,SP400-IR-4,250.2,1450,250.2,1450,245,1,1
Auto sanding - 1,2,1/3/2022 20:09,807135,SP400-IR-4,249.5,1450,249.5,1450,245,1,1
Auto sanding - 1,3,1/3/2022 20:10,807135,SP400-IR-4,249.1,1450,249.1,1450,245,1,1
Auto sanding - 1,4,1/3/2022 20:11,807135,SP400-IR-4,250,1450,250,1450,245,1,1
Auto sanding - 1,5,1/3/2022 20:11,807135,SP400-IR-4,249.9,1450,249.9,1450,245,1,1
Auto sanding - 1,1,1/4/2022 9:43,807850,SP400-IR-4,247.5,1450,247.5,1450,245,1,1
Auto sanding - 1,2,1/4/2022 9:43,807850,SP400-IR-4,250,1450,250,1450,245,1,1
Auto sanding - 1,3,1/4/2022 9:43,807850,SP400-IR-4,247.9,1450,247.9,1450,245,1,1
Auto sanding - 1,4,1/4/2022 9:44,807850,SP400-IR-4,247.6,1450,247.6,1450,245,1,1
Auto sanding - 1,5,1/4/2022 9:44,807850,SP400-IR-4,248.5,1450,248.5,1450,245,1,1
Auto sanding - 1,1,1/4/2022 13:41,08/07131,SP400-IR-4,247,1450,247,1450,245,1,1
Auto sanding - 1,2,1/4/2022 13:41,08/07131,SP400-IR-4,247.7,1450,247.7,1450,245,1,1
Auto sanding - 1,3,1/4/2022 13:42,08/07131,SP400-IR-4,247.8,1450,247.8,1450,245,1,1
Auto sanding - 1,4,1/4/2022 13:42,08/07131,SP400-IR-4,249.3,1450,249.3,1450,245,1,1
Auto sanding - 1,5,1/4/2022 13:42,08/07131,SP400-IR-4,247.6,1450,247.6,1450,245,1,1
Auto sanding - 1,1,1/4/2022 13:43,807131,SP400-IR-4,249.5,1450,249.5,1450,245,1,1
Auto sanding - 1,2,1/4/2022 13:43,807131,SP400-IR-4,248.3,1450,248.3,1450,245,1,1
Auto sanding - 1,3,1/4/2022 13:43,807131,SP400-IR-4,247.8,1450,247.8,1450,245,1,1
Auto sanding - 1,4,1/4/2022 13:47,807131,SP400-IR-4,245.8,1450,245.8,1450,245,1,1
Auto sanding - 1,5,1/4/2022 14:33,807131,SP400-IR-4,247,1450,247,1450,245,1,1
Auto sanding - 1,1,1/4/2022 8:01,807124,SP400-IR-4,250,1450,250,1450,245,1,1
Auto sanding - 1,2,1/4/2022 8:02,807124,SP400-IR-4,249.9,1450,249.9,1450,245,1,1
Auto sanding - 1,3,1/4/2022 8:02,807124,SP400-IR-4,249.2,1450,249.2,1450,245,1,1
Auto sanding - 1,4,1/4/2022 8:02,807124,SP400-IR-4,250.1,1450,250.1,1450,245,1,1
Auto sanding - 1,1,1/4/2022 20:44,807132,SP400-IR-4,247.9,1450,247.9,1450,245,1,1
Auto sanding - 1,2,1/4/2022 20:51,807132,SP400-IR-4,247.1,1450,247.1,1450,245,1,1
Auto sanding - 1,3,1/4/2022 20:53,807132,SP400-IR-4,247.8,1450,247.8,1450,245,1,1
Auto sanding - 1,4,1/4/2022 20:57,807132,SP400-IR-4,250.1,1450,250.1,1450,245,1,1
Auto sanding - 1,5,1/4/2022 20:57,807132,SP400-IR-4,246.3,1450,246.3,1450,245,1,1
Auto sanding - 1,1,1/4/2022 20:58,807132,SP400-IR-4,247.2,1450,247.2,1450,245,1,1
Auto sanding - 1,2,1/4/2022 20:58,807132,SP400-IR-4,246.4,1450,246.4,1450,245,1,1
Auto sanding - 1,3,1/4/2022 20:58,807132,SP400-IR-4,247.2,1450,247.2,1450,245,1,1
Auto sanding - 1,4,1/4/2022 20:58,807132,SP400-IR-4,247.1,1450,247.1,1450,245,1,1
Auto sanding - 1,5,1/4/2022 20:59,807132,SP400-IR-4,247.2,1450,247.2,1450,245,1,1
Auto sanding - 1,1,1/4/2022 8:59,807133,SP400-IR-4,248.7,1450,248.7,1450,245,1,1
Auto sanding - 1,2,1/4/2022 8:59,807133,SP400-IR-4,247.2,1450,247.2,1450,245,1,1
Auto sanding - 1,1,1/4/2022 20:59,807132,SP400-IR-4,248.1,1450,248.1,1450,245,1,1
Auto sanding - 1,3,1/4/2022 8:59,807133,SP400-IR-4,245.8,1450,245.8,1450,245,1,1
Auto sanding - 1,2,1/4/2022 20:59,807132,SP400-IR-4,248.1,1450,248.1,1450,245,1,1
Auto sanding - 1,4,1/4/2022 8:59,807133,SP400-IR-4,248.4,1450,248.4,1450,245,1,1
Auto sanding - 1,5,1/4/2022 8:59,807133,SP400-IR-4,249.9,1450,249.9,1450,245,1,1
Auto sanding - 1,1,1/4/2022 9:00,807133,SP400-IR-4,249.5,1450,249.5,1450,245,1,1
Auto sanding - 1,3,1/4/2022 21:00,807132,SP400-IR-4,246.2,1450,246.2,1450,245,1,1
Auto sanding - 1,4,1/4/2022 21:00,807132,SP400-IR-4,247,1450,247,1450,245,1,1
Auto sanding - 1,5,1/4/2022 21:00,807132,SP400-IR-4,248.4,1450,248.4,1450,245,1,1
Auto sanding - 1,2,1/4/2022 9:01,807133,SP400-IR-4,249.1,1450,249.1,1450,245,1,1
Auto sanding - 1,1,1/4/2022 9:19,807118,SP400-IR-4,248.7,1450,248.7,1450,245,1,1
Auto sanding - 1,2,1/4/2022 9:19,807118,SP400-IR-4,249.5,1450,249.5,1450,245,1,1
Auto sanding - 1,3,1/4/2022 9:19,807118,SP400-IR-4,249.3,1450,249.3,1450,245,1,1
Auto sanding - 1,4,1/4/2022 9:19,807118,SP400-IR-4,247.8,1450,247.8,1450,245,1,1
Auto sanding - 1,5,1/4/2022 9:19,807118,SP400-IR-4,247.8,1450,247.8,1450,245,1,1
Auto sanding - 1,1,1/4/2022 12:13,807141,SP400-IR-4,247.6,1450,247.6,1450,245,1,1
Auto sanding - 1,2,1/4/2022 12:13,807141,SP400-IR-4,249,1450,249,1450,245,1,1
Auto sanding - 1,3,1/4/2022 12:13,807141,SP400-IR-4,248,1450,248,1450,245,1,1
Auto sanding - 1,4,1/4/2022 12:14,807141,SP400-IR-4,249.7,1450,249.7,1450,245,1,1
Auto sanding - 1,5,1/4/2022 12:15,807141,SP400-IR-4,248.8,1450,248.8,1450,245,1,1
Auto sanding - 1,1,1/4/2022 12:33,807141,SP400-IR-4,247.4,1450,247.4,1450,245,1,1
Auto sanding - 1,1,1/4/2022 14:45,807116,SP400-IR-4,248.2,1450,248.2,1450,245,1,1
Auto sanding - 1,2,1/4/2022 14:45,807116,SP400-IR-4,249,1450,249,1450,245,1,1
Auto sanding - 1,3,1/4/2022 14:46,807116,SP400-IR-4,246.6,1450,246.6,1450,245,1,1
Auto sanding - 1,4,1/4/2022 14:46,807116,SP400-IR-4,248.7,1450,248.7,1450,245,1,1
Auto sanding - 1,5,1/4/2022 14:46,807116,SP400-IR-4,247.5,1450,247.5,1450,245,1,1
Auto sanding - 1,1,1/4/2022 14:47,807116,SP400-IR-4,245.9,1450,245.9,1450,245,1,1
Auto sanding - 1,2,1/4/2022 14:48,807116,SP400-IR-4,247.2,1450,247.2,1450,245,1,1
Auto sanding - 1,1,1/5/2022 3:12,807129,SP400-IR-4,248.9,1450,248.9,1450,245,1,1
Auto sanding - 1,2,1/5/2022 3:12,807129,SP400-IR-4,247.5,1450,247.5,1450,245,1,1
Auto sanding - 1,3,1/5/2022 3:12,807129,SP400-IR-4,249.9,1450,249.9,1450,245,1,1
Auto sanding - 1,4,1/5/2022 3:12,807129,SP400-IR-4,246.5,1450,246.5,1450,245,1,1
Auto sanding - 1,5,1/5/2022 3:12,807129,SP400-IR-4,249.1,1450,249.1,1450,245,1,1
Auto sanding - 1,1,1/4/2022 15:34,807142,SP400-IR-4,245.9,1450,245.9,1450,245,1,1
Auto sanding - 1,2,1/4/2022 15:35,807142,SP400-IR-4,247.8,1450,247.8,1450,245,1,1
Auto sanding - 1,3,1/4/2022 15:35,807142,SP400-IR-4,249.2,1450,249.2,1450,245,1,1
Auto sanding - 1,4,1/4/2022 15:35,807142,SP400-IR-4,249.2,1450,249.2,1450,245,1,1
Auto sanding - 1,5,1/4/2022 15:36,807142,SP400-IR-4,247.1,1450,247.1,1450,245,1,1
Auto sanding - 1,1,1/5/2022 3:43,807114,SP400-IR-4,248.9,1450,248.9,1450,245,1,1
Auto sanding - 1,2,1/5/2022 3:44,807114,SP400-IR-4,248.3,1450,248.3,1450,245,1,1
Auto sanding - 1,3,1/5/2022 3:48,807114,SP400-IR-4,249.3,1450,249.3,1450,245,1,1
Auto sanding - 1,4,1/5/2022 3:48,807114,SP400-IR-4,249.3,1450,249.3,1450,245,1,1
Auto sanding - 1,5,1/5/2022 3:50,807114,SP400-IR-4,247.5,1450,247.5,1450,245,1,1
Auto sanding - 1,1,1/5/2022 3:50,807114,SP400-IR-4,247,1450,247,1450,245,1,1
Auto sanding - 1,2,1/5/2022 3:50,807114,SP400-IR-4,247.9,1450,247.9,1450,245,1,1
Auto sanding - 1,3,1/5/2022 3:51,807114,SP400-IR-4,247.7,1450,247.7,1450,245,1,1
Auto sanding - 1,4,1/5/2022 3:51,807114,SP400-IR-4,248,1450,248,1450,245,1,1
Auto sanding - 1,5,1/5/2022 3:52,807114,SP400-IR-4,249.1,1450,249.1,1450,245,1,1
Auto sanding - 1,1,1/5/2022 3:53,807114,SP400-IR-4,249,1450,249,1450,245,1,1
Auto sanding - 1,2,1/5/2022 3:53,807114,SP400-IR-4,248.2,1450,248.2,1450,245,1,1
Auto sanding - 1,3,1/5/2022 3:54,807114,SP400-IR-4,248.7,1450,248.7,1450,245,1,1
Auto sanding - 1,4,1/5/2022 3:54,807114,SP400-IR-4,247.6,1450,247.6,1450,245,1,1
Auto sanding - 1,5,1/5/2022 3:54,807114,SP400-IR-4,247.7,1450,247.7,1450,245,1,1
Auto sanding - 1,1,1/5/2022 4:48,807108,SP400-IR-4,248.6,1450,248.6,1450,245,1,1
Auto sanding - 1,2,1/5/2022 4:55,807108,SP400-IR-4,249.3,1450,249.3,1450,245,1,1
Auto sanding - 1,3,1/5/2022 4:56,807108,SP400-IR-4,245.7,1450,245.7,1450,245,1,1
Auto sanding - 1,4,1/5/2022 4:56,807108,SP400-IR-4,247,1450,247,1450,245,1,1
Auto sanding - 1,5,1/5/2022 4:57,807108,SP400-IR-4,248.7,1450,248.7,1450,245,1,1
Auto sanding - 1,1,1/5/2022 4:57,807108,SP400-IR-4,246.2,1450,246.2,1450,245,1,1
Auto sanding - 1,2,1/5/2022 4:57,807108,SP400-IR-4,247.7,1450,247.7,1450,245,1,1
Auto sanding - 1,3,1/5/2022 4:58,807108,SP400-IR-4,247.4,1450,247.4,1450,245,1,1
Auto sanding - 1,4,1/5/2022 4:58,807108,SP400-IR-4,250.2,1450,250.2,1450,245,1,1
Auto sanding - 1,5,1/5/2022 4:58,807108,SP400-IR-4,249.6,1450,249.6,1450,245,1,1
Auto sanding - 1,1,1/5/2022 4:59,807108,SP400-IR-4,246.7,1450,246.7,1450,245,1,1
Auto sanding - 1,2,1/5/2022 4:59,807108,SP400-IR-4,249.2,1450,249.2,1450,245,1,1
Auto sanding - 1,3,1/5/2022 5:00,807108,SP400-IR-4,247.7,1450,247.7,1450,245,1,1
Auto sanding - 1,4,1/5/2022 5:00,807108,SP400-IR-4,248.3,1450,248.3,1450,245,1,1
Auto sanding - 1,5,1/5/2022 5:00,807108,SP400-IR-4,250.1,1450,250.1,1450,245,1,1
Auto sanding - 1,1,1/5/2022 5:01,807108,SP400-IR-4,246.6,1450,246.6,1450,245,1,1
Auto sanding - 1,2,1/5/2022 5:01,807108,SP400-IR-4,248.5,1450,248.5,1450,245,1,1
Auto sanding - 1,3,1/5/2022 5:01,807108,SP400-IR-4,248,1450,248,1450,245,1,1
Auto sanding - 1,4,1/5/2022 5:03,807108,SP400-IR-4,247.4,1450,247.4,1450,245,1,1
Auto sanding - 1,5,1/5/2022 5:03,807108,SP400-IR-4,246.7,1450,246.7,1450,245,1,1
Auto sanding - 1,1,1/5/2022 14:44,808822,SP400-IR-4,247.8,1450,247.8,1450,245,1,1
Auto sanding - 1,2,1/5/2022 14:45,808822,SP400-IR-4,247.6,1450,247.6,1450,245,1,1
Auto sanding - 1,3,1/5/2022 14:46,808822,SP400-IR-4,248.3,1450,248.3,1450,245,1,1
Auto sanding - 1,4,1/5/2022 14:47,808822,SP400-IR-4,249.5,1450,249.5,1450,245,1,1
Auto sanding - 1,5,1/5/2022 14:47,808822,SP400-IR-4,247,1450,247,1450,245,1,1
Auto sanding - 1,1,1/6/2022 9:20,809685,SP400-IR-4,247.7,1450,247.7,1450,245,1,1
Auto sanding - 1,2,1/6/2022 9:21,809685,SP400-IR-4,245.8,1450,245.8,1450,245,1,1
Auto sanding - 1,3,1/6/2022 9:21,809685,SP400-IR-4,249.3,1450,249.3,1450,245,1,1
Auto sanding - 1,4,1/6/2022 9:21,809685,SP400-IR-4,246.6,1450,246.6,1450,245,1,1
Auto sanding - 1,5,1/6/2022 9:23,809685,SP400-IR-4,246.4,1450,246.4,1450,245,1,1
Auto sanding - 1,1,1/7/2022 11:27,810442,SP400-IR-4,248.1,1450,248.1,1450,245,1,1
Auto sanding - 1,2,1/7/2022 11:28,810442,SP400-IR-4,250,1450,250,1450,245,1,1
Auto sanding - 1,3,1/7/2022 11:28,810442,SP400-IR-4,248.8,1450,248.8,1450,245,1,1
Auto sanding - 1,4,1/7/2022 11:28,810442,SP400-IR-4,247.8,1450,247.8,1450,245,1,1
Auto sanding - 1,5,1/7/2022 11:28,810442,SP400-IR-4,247.8,1450,247.8,1450,245,1,1
Auto sanding - 1,1,1/7/2022 12:55,810931,SP400-IR-4,249.2,1450,249.2,1450,245,1,1
Auto sanding - 1,1,1/14/2022 2:22,814952,SP400-IR-4,247.8,1450,247.8,1450,245,1,1
Auto sanding - 1,2,1/14/2022 2:22,814952,SP400-IR-4,248,1450,248,1450,245,1,1
Auto sanding - 1,3,1/14/2022 2:22,814952,SP400-IR-4,249.1,1450,249.1,1450,245,1,1
Auto sanding - 1,4,1/14/2022 2:23,814952,SP400-IR-4,250.2,1450,250.2,1450,245,1,1
Auto sanding - 1,5,1/14/2022 2:23,814952,SP400-IR-4,247.7,1450,247.7,1450,245,1,1
Auto sanding - 1,1,1/13/2022 15:20,814954,SP400-IR-4,248.4,1450,248.4,1450,245,1,1
Auto sanding - 1,2,1/13/2022 15:20,814954,SP400-IR-4,249.3,1450,249.3,1450,245,1,1
Auto sanding - 1,3,1/13/2022 15:20,814954,SP400-IR-4,249,1450,249,1450,245,1,1
Auto sanding - 1,4,1/13/2022 15:21,814954,SP400-IR-4,249.5,1450,249.5,1450,245,1,1
Auto sanding - 1,5,1/13/2022 15:22,814954,SP400-IR-4,247.5,1450,247.5,1450,245,1,1
Auto sanding - 1,1,1/13/2022 15:23,814954,SP400-IR-4,248.2,1450,248.2,1450,245,1,1
Auto sanding - 1,1,1/13/2022 15:49,814960,SP400-IR-4,248.8,1450,248.8,1450,245,1,1
Auto sanding - 1,2,1/13/2022 15:49,814960,SP400-IR-4,248.3,1450,248.3,1450,245,1,1
Auto sanding - 1,3,1/13/2022 15:49,814960,SP400-IR-4,247.4,1450,247.4,1450,245,1,1
Auto sanding - 1,4,1/13/2022 15:49,814960,SP400-IR-4,248,1450,248,1450,245,1,1
Auto sanding - 1,5,1/13/2022 15:49,814960,SP400-IR-4,246.5,1450,246.5,1450,245,1,1
Auto sanding - 1,1,1/14/2022 4:02,814933,SP400-IR-4,246,1450,246,1450,245,1,1
Auto sanding - 1,2,1/14/2022 4:03,814933,SP400-IR-4,246.3,1450,246.3,1450,245,1,1
Auto sanding - 1,3,1/14/2022 4:03,814933,SP400-IR-4,246.8,1450,246.8,1450,245,1,1
Auto sanding - 1,4,1/14/2022 4:03,814933,SP400-IR-4,246.5,1450,246.5,1450,245,1,1
Auto sanding - 1,5,1/14/2022 4:04,814933,SP400-IR-4,246.3,1450,246.3,1450,245,1,1
Auto sanding - 1,1,1/13/2022 16:09,814948,SP400-IR-4,248.9,1450,248.9,1450,245,1,1
Auto sanding - 1,2,1/13/2022 16:09,814948,SP400-IR-4,249,1450,249,1450,245,1,1
Auto sanding - 1,3,1/13/2022 16:09,814948,SP400-IR-4,247.4,1450,247.4,1450,245,1,1
Auto sanding - 1,4,1/13/2022 16:12,814948,SP400-IR-4,249.8,1450,249.8,1450,245,1,1
Auto sanding - 1,5,1/13/2022 16:13,814948,SP400-IR-4,248.9,1450,248.9,1450,245,1,1
Auto sanding - 1,1,1/14/2022 4:25,814937,SP400-IR-4,247.1,1450,247.1,1450,245,1,1
Auto sanding - 1,2,1/14/2022 4:25,814937,SP400-IR-4,248.6,1450,248.6,1450,245,1,1
Auto sanding - 1,3,1/14/2022 4:26,814937,SP400-IR-4,248.4,1450,248.4,1450,245,1,1
Auto sanding - 1,4,1/14/2022 4:27,814937,SP400-IR-4,248.6,1450,248.6,1450,245,1,1
Auto sanding - 1,5,1/14/2022 4:27,814937,SP400-IR-4,249.4,1450,249.4,1450,245,1,1
Auto sanding - 1,1,1/14/2022 8:25,814939,SP400-IR-4,248.1,1450,248.1,1450,245,1,1
Auto sanding - 1,2,1/14/2022 8:32,814939,SP400-IR-4,249.8,1450,249.8,1450,245,1,1
Auto sanding - 1,3,1/14/2022 8:37,814939,SP400-IR-4,247.5,1450,247.5,1450,245,1,1
Auto sanding - 1,4,1/14/2022 8:38,814939,SP400-IR-4,247.2,1450,247.2,1450,245,1,1
Auto sanding - 1,5,1/14/2022 8:38,814939,SP400-IR-4,247.9,1450,247.9,1450,245,1,1
Auto sanding - 1,1,1/14/2022 12:36,815012,SP400-IR-4,248.1,1450,248.1,1450,245,1,1
Auto sanding - 1,1,1/14/2022 21:41,814958,SP400-IR-4,247.9,1450,247.9,1450,245,1,1
Auto sanding - 1,2,1/14/2022 21:41,814958,SP400-IR-4,249.3,1450,249.3,1450,245,1,1
Auto sanding - 1,3,1/14/2022 21:42,814958,SP400-IR-4,249.7,1450,249.7,1450,245,1,1
Auto sanding - 1,4,1/14/2022 21:43,814958,SP400-IR-4,246.5,1450,246.5,1450,245,1,1
Auto sanding - 1,1,1/15/2022 15:35,814949,SP400-IR-4,247.3,1450,247.3,1450,245,1,1
Auto sanding - 1,2,1/15/2022 15:36,814949,SP400-IR-4,248.7,1450,248.7,1450,245,1,1
Auto sanding - 1,1,1/15/2022 15:37,814950,SP400-IR-4,249,1450,249,1450,245,1,1
Auto sanding - 1,2,1/15/2022 15:38,814950,SP400-IR-4,245.8,1450,245.8,1450,245,1,1
Auto sanding - 1,3,1/15/2022 15:38,814950,SP400-IR-4,247.2,1450,247.2,1450,245,1,1
Auto sanding - 1,4,1/15/2022 15:38,814950,SP400-IR-4,245.8,1450,245.8,1450,245,1,1
Auto sanding - 1,5,1/15/2022 15:38,814950,SP400-IR-4,246.4,1450,246.4,1450,245,1,1
Auto sanding - 1,1,1/15/2022 17:09,814959,SP400-IR-4,248.6,1450,248.6,1450,245,1,1
Auto sanding - 1,2,1/15/2022 17:09,814959,SP400-IR-4,249.5,1450,249.5,1450,245,1,1
Auto sanding - 1,3,1/15/2022 17:09,814959,SP400-IR-4,249,1450,249,1450,245,1,1
Auto sanding - 1,4,1/15/2022 17:10,814959,SP400-IR-4,247.8,1450,247.8,1450,245,1,1
Auto sanding - 1,5,1/15/2022 17:10,814959,SP400-IR-4,248.7,1450,248.7,1450,245,1,1
Auto sanding - 1,1,1/17/2022 11:20,816899,SP400-IR-4,246.5,1450,246.5,1450,245,1,1
Auto sanding - 1,2,1/17/2022 11:20,816899,SP400-IR-4,247.4,1450,247.4,1450,245,1,1
Auto sanding - 1,3,1/17/2022 11:20,816899,SP400-IR-4,247.4,1450,247.4,1450,245,1,1
Auto sanding - 1,4,1/17/2022 11:20,816899,SP400-IR-4,248.4,1450,248.4,1450,245,1,1
Auto sanding - 1,5,1/17/2022 11:20,816899,SP400-IR-4,247.5,1450,247.5,1450,245,1,1
Auto sanding - 1,1,1/17/2022 11:28,816525,SP400-IR-4,249.5,1450,249.5,1450,245,1,1
Auto sanding - 1,2,1/17/2022 11:28,816525,SP400-IR-4,248.9,1450,248.9,1450,245,1,1
Auto sanding - 1,3,1/17/2022 11:29,816525,SP400-IR-4,249.9,1450,249.9,1450,245,1,1
Auto sanding - 1,4,1/17/2022 11:29,816525,SP400-IR-4,246.5,1450,246.5,1450,245,1,1
Auto sanding - 1,5,1/17/2022 11:29,816525,SP400-IR-4,245.7,1450,245.7,1450,245,1,1
Auto sanding - 1,1,1/17/2022 22:51,817324,SP400-IR-4,249.4,1450,249.4,1450,245,1,1
Auto sanding - 1,2,1/17/2022 22:52,817324,SP400-IR-4,248,1450,248,1450,245,1,1
Auto sanding - 1,3,1/17/2022 22:52,817324,SP400-IR-4,248.4,1450,248.4,1450,245,1,1
Auto sanding - 1,4,1/17/2022 22:52,817324,SP400-IR-4,250,1450,250,1450,245,1,1
Auto sanding - 1,5,1/17/2022 22:52,817324,SP400-IR-4,247.4,1450,247.4,1450,245,1,1
Auto sanding - 1,1,1/17/2022 22:53,817324,SP400-IR-4,249.1,1450,249.1,1450,245,1,1
Auto sanding - 1,2,1/17/2022 22:53,817324,SP400-IR-4,248.6,1450,248.6,1450,245,1,1
Auto sanding - 1,3,1/17/2022 22:53,817324,SP400-IR-4,248,1450,248,1450,245,1,1
Auto sanding - 1,1,1/17/2022 23:51,817690,SP400-IR-4,248.3,1450,248.3,1450,245,1,1
Auto sanding - 1,2,1/17/2022 23:51,817690,SP400-IR-4,248.4,1450,248.4,1450,245,1,1
Auto sanding - 1,3,1/17/2022 23:51,817690,SP400-IR-4,246.2,1450,246.2,1450,245,1,1
Auto sanding - 1,4,1/17/2022 23:51,817690,SP400-IR-4,246.6,1450,246.6,1450,245,1,1
Auto sanding - 1,5,1/17/2022 23:51,817690,SP400-IR-4,245.6,1450,245.6,1450,245,1,1
Auto sanding - 1,1,1/18/2022 5:04,814941,SP400-IR-4,248.3,1450,248.3,1450,245,1,1
Auto sanding - 1,2,1/18/2022 5:04,814941,SP400-IR-4,249.8,1450,249.8,1450,245,1,1
Auto sanding - 1,3,1/18/2022 5:04,814941,SP400-IR-4,249,1450,249,1450,245,1,1
Auto sanding - 1,4,1/18/2022 5:04,814941,SP400-IR-4,249.4,1450,249.4,1450,245,1,1
Auto sanding - 1,5,1/18/2022 5:05,814941,SP400-IR-4,250,1450,250,1450,245,1,1
Auto sanding - 1,1,1/19/2022 2:34,818537,SP400-IR-4,247.5,1450,247.5,1450,245,1,1
Auto sanding - 1,2,1/19/2022 2:34,818537,SP400-IR-4,245.6,1450,245.6,1450,245,1,1
Auto sanding - 1,3,1/19/2022 2:34,818537,SP400-IR-4,247.8,1450,247.8,1450,245,1,1
Auto sanding - 1,4,1/19/2022 2:35,818537,SP400-IR-4,247.7,1450,247.7,1450,245,1,1
Auto sanding - 1,5,1/19/2022 2:35,818537,SP400-IR-4,245.6,1450,245.6,1450,245,1,1
Auto sanding - 1,1,1/20/2022 11:16,814935,SP400-IR-4,249.5,1450,249.5,1450,245,1,1
Auto sanding - 1,2,1/20/2022 11:16,814935,SP400-IR-4,248.8,1450,248.8,1450,245,1,1
Auto sanding - 1,3,1/20/2022 11:17,814935,SP400-IR-4,247.8,1450,247.8,1450,245,1,1
Auto sanding - 1,4,1/20/2022 11:17,814935,SP400-IR-4,248.8,1450,248.8,1450,245,1,1
Auto sanding - 1,5,1/20/2022 11:18,814935,SP400-IR-4,249,1450,249,1450,245,1,1
Auto sanding - 1,4,1/21/2022 2:46,814944,SP400-IR-4,246.4,1450,246.4,1450,245,1,1
Auto sanding - 1,5,1/21/2022 2:48,814944,SP400-IR-4,247.1,1450,247.1,1450,245,1,1
Auto sanding - 1,1,1/21/2022 7:04,818435,SP400-IR-4,247.1,1450,247.1,1450,245,1,1
Auto sanding - 1,2,1/21/2022 7:05,818435,SP400-IR-4,247.8,1450,247.8,1450,245,1,1
Auto sanding - 1,3,1/21/2022 7:05,818435,SP400-IR-4,247.2,1450,247.2,1450,245,1,1
Auto sanding - 1,4,1/21/2022 7:06,818435,SP400-IR-4,246.5,1450,246.5,1450,245,1,1
Auto sanding - 1,5,1/21/2022 7:06,818435,SP400-IR-4,246.9,1450,246.9,1450,245,1,1
Auto sanding - 1,1,1/21/2022 7:07,818435,SP400-IR-4,247.7,1450,247.7,1450,245,1,1
Auto sanding - 1,2,1/21/2022 7:09,818435,SP400-IR-4,247,1450,247,1450,245,1,1
Auto sanding - 1,3,1/21/2022 7:10,818435,SP400-IR-4,246,1450,246,1450,245,1,1
Auto sanding - 1,4,1/21/2022 7:11,818435,SP400-IR-4,246.1,1450,246.1,1450,245,1,1
Auto sanding - 1,5,1/21/2022 7:12,818435,SP400-IR-4,245.7,1450,245.7,1450,245,1,1
Auto sanding - 1,1,1/22/2022 22:31,814946,SP400-IR-4,249.9,1450,249.9,1450,245,1,1
Auto sanding - 1,2,1/22/2022 22:32,814946,SP400-IR-4,249.3,1450,249.3,1450,245,1,1
Auto sanding - 1,3,1/22/2022 22:32,814946,SP400-IR-4,248.2,1450,248.2,1450,245,1,1
Auto sanding - 1,4,1/22/2022 22:32,814946,SP400-IR-4,248.7,1450,248.7,1450,245,1,1
Auto sanding - 1,5,1/22/2022 22:48,814946,SP400-IR-4,249.7,1450,249.7,1450,245,1,1
Auto sanding - 1,1,1/23/2022 17:09,822418,SP400-IR-4,248.6,1450,248.6,1450,245,1,1
Auto sanding - 1,2,1/23/2022 17:09,822418,SP400-IR-4,249.6,1450,249.6,1450,245,1,1
Auto sanding - 1,3,1/23/2022 17:09,822418,SP400-IR-4,248.6,1450,248.6,1450,245,1,1
Auto sanding - 1,4,1/23/2022 17:09,822418,SP400-IR-4,249.7,1450,249.7,1450,245,1,1
Auto sanding - 1,5,1/23/2022 17:09,822418,SP400-IR-4,247.8,1450,247.8,1450,245,1,1
Auto sanding - 1,1,1/27/2022 20:13,825637,SP400-IR-4,248.6,1450,248.6,1450,245,1,1
Auto sanding - 1,2,1/27/2022 20:13,825637,SP400-IR-4,250.2,1450,250.2,1450,245,1,1
Auto sanding - 1,3,1/27/2022 20:14,825637,SP400-IR-4,245.6,1450,245.6,1450,245,1,1
Auto sanding - 1,4,1/27/2022 20:14,825637,SP400-IR-4,247,1450,247,1450,245,1,1
Auto sanding - 1,5,1/27/2022 20:14,825637,SP400-IR-4,247.1,1450,247.1,1450,245,1,1
Auto sanding - 1,1,1/28/2022 11:28,822195,SP400-IR-4,246.5,1450,246.5,1450,245,1,1
Auto sanding - 1,2,1/28/2022 11:29,822195,SP400-IR-4,246.6,1450,246.6,1450,245,1,1
Auto sanding - 1,3,1/28/2022 11:29,822195,SP400-IR-4,249.6,1450,249.6,1450,245,1,1
Auto sanding - 1,4,1/28/2022 11:30,822195,SP400-IR-4,247.3,1450,247.3,1450,245,1,1
Auto sanding - 1,5,1/28/2022 11:31,822195,SP400-IR-4,248.8,1450,248.8,1450,245,1,1
Auto sanding - 1,1,1/28/2022 11:45,822198,SP400-IR-4,246.5,1450,246.5,1450,245,1,1
Auto sanding - 1,2,1/28/2022 11:47,822198,SP400-IR-4,248.4,1450,248.4,1450,245,1,1
Auto sanding - 1,3,1/28/2022 11:47,822198,SP400-IR-4,248.7,1450,248.7,1450,245,1,1
Auto sanding - 1,4,1/28/2022 11:47,822198,SP400-IR-4,248.5,1450,248.5,1450,245,1,1
Auto sanding - 1,5,1/28/2022 11:48,822198,SP400-IR-4,246.8,1450,246.8,1450,245,1,1
Auto sanding - 1,1,1/29/2022 21:00,826621,SP400-IR-4,250.2,1450,250.2,1450,245,1,1
Auto sanding - 1,2,1/29/2022 21:00,826621,SP400-IR-4,247.9,1450,247.9,1450,245,1,1
Auto sanding - 1,3,1/29/2022 21:00,826621,SP400-IR-4,246.7,1450,246.7,1450,245,1,1
Auto sanding - 1,4,1/29/2022 21:00,826621,SP400-IR-4,247.7,1450,247.7,1450,245,1,1
Auto sanding - 1,5,1/29/2022 21:00,826621,SP400-IR-4,246.9,1450,246.9,1450,245,1,1
Auto sanding - 1,2,2/7/2022 16:42,826623,SP400-IR-4,246.8,1450,246.8,1450,245,1,1
Auto sanding - 1,3,2/7/2022 16:43,826623,SP400-IR-4,249.5,1450,249.5,1450,245,1,1
Auto sanding - 1,4,2/7/2022 16:43,826623,SP400-IR-4,249.3,1450,249.3,1450,245,1,1
Auto sanding - 1,5,2/7/2022 16:44,826623,SP400-IR-4,249.8,1450,249.8,1450,245,1,1
Auto sanding - 1,1,2/7/2022 17:06,826619,SP400-IR-4,247.8,1450,247.8,1450,245,1,1
Auto sanding - 1,2,2/7/2022 17:06,826619,SP400-IR-4,246.7,1450,246.7,1450,245,1,1
Auto sanding - 1,3,2/7/2022 17:07,826619,SP400-IR-4,247.8,1450,247.8,1450,245,1,1
Auto sanding - 1,1,2/17/2022 20:26,818497,SP400-IR-4,249.7,1450,249.7,1450,245,1,1
Auto sanding - 1,2,2/17/2022 20:26,818497,SP400-IR-4,248.9,1450,248.9,1450,245,1,1
Auto sanding - 1,3,2/17/2022 20:26,818497,SP400-IR-4,250.2,1450,250.2,1450,245,1,1
Auto sanding - 1,4,2/17/2022 20:26,818497,SP400-IR-4,249,1450,249,1450,245,1,1
Auto sanding - 1,5,2/17/2022 20:26,818497,SP400-IR-4,249.5,1450,249.5,1450,245,1,1
Auto sanding - 1,1,3/1/2022 18:29,843088,SP400-IR-4,249.3,1450,249.3,1450,245,1,1
Auto sanding - 1,2,3/1/2022 18:30,843088,SP400-IR-4,249.1,1450,249.1,1450,245,1,1
Auto sanding - 1,3,3/1/2022 18:30,843088,SP400-IR-4,248.7,1450,248.7,1450,245,1,1
Auto sanding - 1,4,3/1/2022 18:30,843088,SP400-IR-4,246.6,1450,246.6,1450,245,1,1
Auto sanding - 1,5,3/1/2022 18:31,843088,SP400-IR-4,248.5,1450,248.5,1450,245,1,1
Auto sanding - 1,1,3/1/2022 19:11,843089,SP400-IR-4,246.7,1450,246.7,1450,245,1,1
Auto sanding - 1,2,3/1/2022 19:11,843089,SP400-IR-4,248.4,1450,248.4,1450,245,1,1
Auto sanding - 1,3,3/1/2022 19:12,843089,SP400-IR-4,249,1450,249,1450,245,1,1
Auto sanding - 1,4,3/1/2022 19:12,843089,SP400-IR-4,247.3,1450,247.3,1450,245,1,1
Auto sanding - 1,5,3/1/2022 19:13,843089,SP400-IR-4,246.2,1450,246.2,1450,245,1,1
Auto sanding - 1,1,3/2/2022 5:00,843073,SP400-IR-4,248.2,1450,248.2,1450,245,1,1
Auto sanding - 1,1,3/2/2022 10:11,843094,SP400-IR-4,248.3,1450,248.3,1450,245,1,1
Auto sanding - 1,2,3/2/2022 10:11,843094,SP400-IR-4,248.1,1450,248.1,1450,245,1,1
Auto sanding - 1,3,3/2/2022 10:12,843094,SP400-IR-4,246.5,1450,246.5,1450,245,1,1
Auto sanding - 1,4,3/2/2022 10:13,843094,SP400-IR-4,246.8,1450,246.8,1450,245,1,1
Auto sanding - 1,5,3/2/2022 10:14,843094,SP400-IR-4,249.1,1450,249.1,1450,245,1,1
Auto sanding - 1,1,3/2/2022 12:15,843093,SP400-IR-4,250.1,1450,250.1,1450,245,1,1
Auto sanding - 1,2,3/2/2022 12:15,843093,SP400-IR-4,250.2,1450,250.2,1450,245,1,1
Auto sanding - 1,3,3/2/2022 12:16,843093,SP400-IR-4,247.8,1450,247.8,1450,245,1,1
Auto sanding - 1,4,3/2/2022 12:16,843093,SP400-IR-4,249.8,1450,249.8,1450,245,1,1
Auto sanding - 1,5,3/2/2022 12:17,843093,SP400-IR-4,246.2,1450,246.2,1450,245,1,1
Auto sanding - 1,1,3/2/2022 12:38,843077,SP400-IR-4,246.4,1450,246.4,1450,245,1,1
Auto sanding - 1,2,3/2/2022 12:38,843077,SP400-IR-4,245.9,1450,245.9,1450,245,1,1
Auto sanding - 1,1,3/2/2022 12:38,0843093..,SP400-IR-4,250,1450,250,1450,245,1,1
Auto sanding - 1,3,3/2/2022 12:38,843077,SP400-IR-4,246.2,1450,246.2,1450,245,1,1
Auto sanding - 1,4,3/2/2022 12:38,843077,SP400-IR-4,246,1450,246,1450,245,1,1
Auto sanding - 1,2,3/2/2022 12:38,0843093..,SP400-IR-4,246.4,1450,246.4,1450,245,1,1
Auto sanding - 1,5,3/2/2022 12:38,843077,SP400-IR-4,246,1450,246,1450,245,1,1
Auto sanding - 1,3,3/2/2022 12:39,0843093..,SP400-IR-4,248.7,1450,248.7,1450,245,1,1
Auto sanding - 1,4,3/2/2022 12:39,0843093..,SP400-IR-4,247.9,1450,247.9,1450,245,1,1
Auto sanding - 1,5,3/2/2022 12:39,0843093..,SP400-IR-4,249.5,1450,249.5,1450,245,1,1
Auto sanding - 1,1,3/2/2022 16:44,843081,SP400-IR-4,248.3,1450,248.3,1450,245,1,1
Auto sanding - 1,2,3/2/2022 16:45,843081,SP400-IR-4,245.6,1450,245.6,1450,245,1,1
Auto sanding - 1,3,3/2/2022 16:45,843081,SP400-IR-4,249.3,1450,249.3,1450,245,1,1
Auto sanding - 1,4,3/2/2022 16:45,843081,SP400-IR-4,246.8,1450,246.8,1450,245,1,1
Auto sanding - 1,5,3/2/2022 16:46,843081,SP400-IR-4,248.4,1450,248.4,1450,245,1,1
Auto sanding - 1,1,3/2/2022 17:06,843092,SP400-IR-4,247.9,1450,247.9,1450,245,1,1
Auto sanding - 1,2,3/2/2022 17:06,843092,SP400-IR-4,246.2,1450,246.2,1450,245,1,1
Auto sanding - 1,1,3/2/2022 19:04,843095,SP400-IR-4,247.1,1450,247.1,1450,245,1,1
Auto sanding - 1,2,3/2/2022 19:05,843095,SP400-IR-4,249.1,1450,249.1,1450,245,1,1
Auto sanding - 1,3,3/2/2022 19:07,843095,SP400-IR-4,247.3,1450,247.3,1450,245,1,1
Auto sanding - 1,4,3/2/2022 19:08,843095,SP400-IR-4,247,1450,247,1450,245,1,1
Auto sanding - 1,5,3/2/2022 19:08,843095,SP400-IR-4,248.1,1450,248.1,1450,245,1,1
Auto sanding - 1,1,3/2/2022 19:20,843101,SP400-IR-4,249.3,1450,249.3,1450,245,1,1
Auto sanding - 1,2,3/2/2022 19:32,843101,SP400-IR-4,249.5,1450,249.5,1450,245,1,1
Auto sanding - 1,3,3/2/2022 19:33,843101,SP400-IR-4,246.7,1450,246.7,1450,245,1,1
Auto sanding - 1,4,3/2/2022 19:33,843101,SP400-IR-4,247.4,1450,247.4,1450,245,1,1
Auto sanding - 1,5,3/2/2022 19:34,843101,SP400-IR-4,249.4,1450,249.4,1450,245,1,1
Auto sanding - 1,1,3/2/2022 21:05,843097,SP400-IR-4,248.4,1450,248.4,1450,245,1,1
Auto sanding - 1,2,3/2/2022 21:09,843097,SP400-IR-4,248.3,1450,248.3,1450,245,1,1
Auto sanding - 1,3,3/2/2022 21:09,843097,SP400-IR-4,248.9,1450,248.9,1450,245,1,1
Auto sanding - 1,4,3/2/2022 21:09,843097,SP400-IR-4,247.6,1450,247.6,1450,245,1,1
Auto sanding - 1,5,3/2/2022 21:10,843097,SP400-IR-4,249.8,1450,249.8,1450,245,1,1
Auto sanding - 1,1,3/2/2022 21:49,843096,SP400-IR-4,250.1,1450,250.1,1450,245,1,1
Auto sanding - 1,2,3/2/2022 21:50,843096,SP400-IR-4,247.2,1450,247.2,1450,245,1,1
Auto sanding - 1,3,3/2/2022 21:51,843096,SP400-IR-4,246.9,1450,246.9,1450,245,1,1
Auto sanding - 1,4,3/2/2022 21:52,843096,SP400-IR-4,247.6,1450,247.6,1450,245,1,1
Auto sanding - 1,5,3/2/2022 21:53,843096,SP400-IR-4,246.7,1450,246.7,1450,245,1,1
Auto sanding - 1,1,3/3/2022 0:02,843079,SP400-IR-4,248.6,1450,248.6,1450,245,1,1
Auto sanding - 1,2,3/3/2022 0:03,843079,SP400-IR-4,248.3,1450,248.3,1450,245,1,1
Auto sanding - 1,3,3/3/2022 0:04,843079,SP400-IR-4,249.3,1450,249.3,1450,245,1,1
Auto sanding - 1,4,3/3/2022 0:04,843079,SP400-IR-4,247.1,1450,247.1,1450,245,1,1
Auto sanding - 1,5,3/3/2022 0:04,843079,SP400-IR-4,247.7,1450,247.7,1450,245,1,1
Auto sanding - 1,1,3/3/2022 2:42,843085,SP400-IR-4,249.9,1450,249.9,1450,245,1,1
Auto sanding - 1,2,3/3/2022 2:43,843085,SP400-IR-4,247,1450,247,1450,245,1,1
Auto sanding - 1,3,3/3/2022 2:43,843085,SP400-IR-4,248.9,1450,248.9,1450,245,1,1
Auto sanding - 1,4,3/3/2022 2:45,843085,SP400-IR-4,247.1,1450,247.1,1450,245,1,1
Auto sanding - 1,5,3/3/2022 2:46,843085,SP400-IR-4,248.3,1450,248.3,1450,245,1,1
Auto sanding - 1,1,3/3/2022 3:13,843083,SP400-IR-4,249.3,1450,249.3,1450,245,1,1
Auto sanding - 1,4,3/3/2022 4:38,843087,SP400-IR-4,250.2,1450,250.2,1450,245,1,1
Auto sanding - 1,5,3/3/2022 4:38,843087,SP400-IR-4,248.3,1450,248.3,1450,245,1,1
Auto sanding - 1,1,3/2/2022 19:24,843090,SP400-IR-4,250.1,1450,250.1,1450,245,1,1
Auto sanding - 1,2,3/2/2022 19:24,843090,SP400-IR-4,249,1450,249,1450,245,1,1
Auto sanding - 1,3,3/2/2022 19:24,843090,SP400-IR-4,249.4,1450,249.4,1450,245,1,1
Auto sanding - 1,4,3/2/2022 19:25,843090,SP400-IR-4,247.8,1450,247.8,1450,245,1,1
Auto sanding - 1,5,3/2/2022 19:25,843090,SP400-IR-4,247.9,1450,247.9,1450,245,1,1
Auto sanding - 1,1,3/2/2022 19:25,843090,SP400-IR-4,248.5,1450,248.5,1450,245,1,1
Auto sanding - 1,1,3/3/2022 8:22,843099,SP400-IR-4,247.8,1450,247.8,1450,245,1,1
Auto sanding - 1,2,3/3/2022 8:23,843099,SP400-IR-4,248.5,1450,248.5,1450,245,1,1
Auto sanding - 1,3,3/3/2022 8:24,843099,SP400-IR-4,249.2,1450,249.2,1450,245,1,1
Auto sanding - 1,4,3/3/2022 8:24,843099,SP400-IR-4,248.4,1450,248.4,1450,245,1,1
Auto sanding - 1,5,3/3/2022 8:26,843099,SP400-IR-4,249.5,1450,249.5,1450,245,1,1
Auto sanding - 1,1,3/2/2022 21:44,843098,SP400-IR-4,247.4,1450,247.4,1450,245,1,1
Auto sanding - 1,2,3/2/2022 21:44,843098,SP400-IR-4,247.3,1450,247.3,1450,245,1,1
Auto sanding - 1,3,3/2/2022 21:45,843098,SP400-IR-4,248.4,1450,248.4,1450,245,1,1
Auto sanding - 1,4,3/2/2022 21:45,843098,SP400-IR-4,248,1450,248,1450,245,1,1
Auto sanding - 1,5,3/2/2022 21:45,843098,SP400-IR-4,247.2,1450,247.2,1450,245,1,1
Auto sanding - 1,1,3/3/2022 18:19,843100,SP400-IR-4,247.7,1450,247.7,1450,245,1,1
Auto sanding - 1,2,3/3/2022 18:20,843100,SP400-IR-4,247.1,1450,247.1,1450,245,1,1
Auto sanding - 1,1,3/3/2022 18:39,845357,SP400-IR-4,248.4,1450,248.4,1450,245,1,1
Auto sanding - 1,2,3/3/2022 18:39,845357,SP400-IR-4,249.5,1450,249.5,1450,245,1,1
Auto sanding - 1,3,3/3/2022 18:39,845357,SP400-IR-4,248,1450,248,1450,245,1,1
Auto sanding - 1,4,3/3/2022 18:39,845357,SP400-IR-4,247.9,1450,247.9,1450,245,1,1
Auto sanding - 1,5,3/3/2022 18:39,845357,SP400-IR-4,246.6,1450,246.6,1450,245,1,1
Auto sanding - 1,1,3/3/2022 16:28,845583,SP400-IR-4,250,1450,250,1450,245,1,1
Auto sanding - 1,2,3/3/2022 16:28,845583,SP400-IR-4,249.3,1450,249.3,1450,245,1,1
Auto sanding - 1,3,3/3/2022 16:29,845583,SP400-IR-4,249.4,1450,249.4,1450,245,1,1
Auto sanding - 1,4,3/3/2022 16:29,845583,SP400-IR-4,250.1,1450,250.1,1450,245,1,1
Auto sanding - 1,5,3/3/2022 16:30,845583,SP400-IR-4,249.1,1450,249.1,1450,245,1,1
Auto sanding - 1,1,3/3/2022 20:49,845582,SP400-IR-4,249.1,1450,249.1,1450,245,1,1
Auto sanding - 1,2,3/3/2022 20:50,845582,SP400-IR-4,249.4,1450,249.4,1450,245,1,1
Auto sanding - 1,3,3/3/2022 20:50,845582,SP400-IR-4,247.6,1450,247.6,1450,245,1,1
Auto sanding - 1,4,3/3/2022 20:58,845582,SP400-IR-4,247.7,1450,247.7,1450,245,1,1
Auto sanding - 1,5,3/3/2022 20:58,845582,SP400-IR-4,249.5,1450,249.5,1450,245,1,1
Auto sanding - 1,1,3/3/2022 20:58,845582,SP400-IR-4,0,1450,0,1450,245,1,1
Auto sanding - 1,2,3/3/2022 21:10,845582,SP400-IR-4,248.9,1450,248.9,1450,245,1,1
Auto sanding - 1,3,3/3/2022 21:10,845582,SP400-IR-4,250.3,1450,250.3,1450,245,1,1
Auto sanding - 1,4,3/3/2022 21:10,845582,SP400-IR-4,248.8,1450,248.8,1450,245,1,1
Auto sanding - 1,5,3/3/2022 21:11,845582,SP400-IR-4,249.6,1450,249.6,1450,245,1,1
Auto sanding - 1,1,3/4/2022 14:30,845577,SP400-IR-4,248.5,1450,248.5,1450,245,1,1
Auto sanding - 1,2,3/4/2022 14:30,845577,SP400-IR-4,247.8,1450,247.8,1450,245,1,1
Auto sanding - 1,3,3/4/2022 14:31,845577,SP400-IR-4,248.3,1450,248.3,1450,245,1,1
Auto sanding - 1,4,3/4/2022 14:31,845577,SP400-IR-4,247.6,1450,247.6,1450,245,1,1
Auto sanding - 1,5,3/4/2022 14:31,845577,SP400-IR-4,246.7,1450,246.7,1450,245,1,1
Auto sanding - 1,1,3/4/2022 15:47,845579,SP400-IR-4,249.9,1450,249.9,1450,245,1,1
Auto sanding - 1,2,3/4/2022 15:47,845579,SP400-IR-4,248.9,1450,248.9,1450,245,1,1
Auto sanding - 1,3,3/4/2022 15:48,845579,SP400-IR-4,250.3,1450,250.3,1450,245,1,1
Auto sanding - 1,4,3/4/2022 15:48,845579,SP400-IR-4,248.4,1450,248.4,1450,245,1,1
Auto sanding - 1,5,3/4/2022 15:48,845579,SP400-IR-4,245.8,1450,245.8,1450,245,1,1
Auto sanding - 1,1,3/4/2022 16:05,845579,SP400-IR-4,247.5,1450,247.5,1450,245,1,1
Auto sanding - 1,2,3/4/2022 16:05,845579,SP400-IR-4,248.3,1450,248.3,1450,245,1,1
Auto sanding - 1,3,3/4/2022 16:05,845579,SP400-IR-4,248.8,1450,248.8,1450,245,1,1
Auto sanding - 1,4,3/4/2022 16:06,845579,SP400-IR-4,247.4,1450,247.4,1450,245,1,1
Auto sanding - 1,5,3/4/2022 16:06,845579,SP400-IR-4,248.5,1450,248.5,1450,245,1,1
Auto sanding - 1,1,3/4/2022 16:39,845585,SP400-IR-4,247.1,1450,247.1,1450,245,1,1
Auto sanding - 1,2,3/4/2022 16:39,845585,SP400-IR-4,246.8,1450,246.8,1450,245,1,1
Auto sanding - 1,3,3/4/2022 16:39,845585,SP400-IR-4,248.2,1450,248.2,1450,245,1,1
Auto sanding - 1,4,3/4/2022 16:39,845585,SP400-IR-4,248.8,1450,248.8,1450,245,1,1
Auto sanding - 1,5,3/4/2022 16:40,845585,SP400-IR-4,248.6,1450,248.6,1450,245,1,1
Auto sanding - 1,1,3/4/2022 16:41,845585,SP400-IR-4,249.5,1450,249.5,1450,245,1,1
Auto sanding - 1,2,3/4/2022 16:41,845585,SP400-IR-4,248.7,1450,248.7,1450,245,1,1
Auto sanding - 1,3,3/4/2022 16:42,845585,SP400-IR-4,250,1450,250,1450,245,1,1
Auto sanding - 1,1,3/4/2022 20:25,845571,SP400-IR-4,250.4,1450,250.4,1450,245,1,1
Auto sanding - 1,1,3/4/2022 20:59,845580,SP400-IR-4,248.9,1450,248.9,1450,245,1,1
Auto sanding - 1,2,3/4/2022 20:59,845580,SP400-IR-4,247.8,1450,247.8,1450,245,1,1
Auto sanding - 1,3,3/4/2022 21:00,845580,SP400-IR-4,247.8,1450,247.8,1450,245,1,1
Auto sanding - 1,1,3/4/2022 21:04,845580,SP400-IR-4,249.7,1450,249.7,1450,245,1,1
Auto sanding - 1,2,3/4/2022 21:04,845580,SP400-IR-4,249.3,1450,249.3,1450,245,1,1
Auto sanding - 1,3,3/4/2022 21:04,845580,SP400-IR-4,249.9,1450,249.9,1450,245,1,1
Auto sanding - 1,4,3/4/2022 21:05,845580,SP400-IR-4,248.6,1450,248.6,1450,245,1,1
Auto sanding - 1,5,3/4/2022 21:10,845580,SP400-IR-4,249.2,1450,249.2,1450,245,1,1
Auto sanding - 1,1,3/4/2022 21:19,845571,SP400-IR-4,248.4,1450,248.4,1450,245,1,1
Auto sanding - 1,2,3/4/2022 21:21,845571,SP400-IR-4,249.2,1450,249.2,1450,245,1,1
Auto sanding - 1,3,3/4/2022 21:21,845571,SP400-IR-4,249.1,1450,249.1,1450,245,1,1
Auto sanding - 1,4,3/4/2022 21:21,845571,SP400-IR-4,248.7,1450,248.7,1450,245,1,1
Auto sanding - 1,5,3/4/2022 21:21,845571,SP400-IR-4,248.7,1450,248.7,1450,245,1,1
Auto sanding - 1,1,3/4/2022 9:40,845574,SP400-IR-4,247.5,1450,247.5,1450,245,1,1
Auto sanding - 1,2,3/4/2022 9:41,845574,SP400-IR-4,247.2,1450,247.2,1450,245,1,1
Auto sanding - 1,3,3/4/2022 9:41,845574,SP400-IR-4,249.1,1450,249.1,1450,245,1,1
Auto sanding - 1,4,3/4/2022 9:42,845574,SP400-IR-4,248.9,1450,248.9,1450,245,1,1
Auto sanding - 1,5,3/4/2022 9:44,845574,SP400-IR-4,248.2,1450,248.2,1450,245,1,1
Auto sanding - 1,1,3/4/2022 10:59,845574,SP400-IR-4,248.4,1450,248.4,1450,245,1,1
Auto sanding - 1,1,3/4/2022 23:33,846613,SP400-IR-4,248,1450,248,1450,245,1,1
Auto sanding - 1,2,3/4/2022 23:33,846613,SP400-IR-4,246.7,1450,246.7,1450,245,1,1
Auto sanding - 1,3,3/4/2022 23:33,846613,SP400-IR-4,246.2,1450,246.2,1450,245,1,1
Auto sanding - 1,4,3/4/2022 23:33,846613,SP400-IR-4,248.1,1450,248.1,1450,245,1,1
Auto sanding - 1,5,3/4/2022 23:34,846613,SP400-IR-4,249.1,1450,249.1,1450,245,1,1
Auto sanding - 1,1,3/5/2022 3:59,845569,SP400-IR-4,249.1,1450,249.1,1450,245,1,1
Auto sanding - 1,2,3/5/2022 4:00,845569,SP400-IR-4,247.1,1450,247.1,1450,245,1,1
Auto sanding - 1,3,3/5/2022 4:00,845569,SP400-IR-4,248.4,1450,248.4,1450,245,1,1
Auto sanding - 1,4,3/5/2022 4:00,845569,SP400-IR-4,248,1450,248,1450,245,1,1
Auto sanding - 1,5,3/5/2022 4:01,845569,SP400-IR-4,247.2,1450,247.2,1450,245,1,1
Auto sanding - 1,1,3/5/2022 4:33,845561,SP400-IR-4,248.1,1450,248.1,1450,245,1,1
Auto sanding - 1,2,3/5/2022 4:34,845561,SP400-IR-4,248.4,1450,248.4,1450,245,1,1
Auto sanding - 1,3,3/5/2022 4:35,845561,SP400-IR-4,250,1450,250,1450,245,1,1
Auto sanding - 1,4,3/5/2022 4:35,845561,SP400-IR-4,247.4,1450,247.4,1450,245,1,1
Auto sanding - 1,5,3/5/2022 4:35,845561,SP400-IR-4,248.1,1450,248.1,1450,245,1,1
Auto sanding - 1,1,3/4/2022 16:38,845581,SP400-IR-4,247.6,1450,247.6,1450,245,1,1
Auto sanding - 1,2,3/4/2022 16:38,845581,SP400-IR-4,246.8,1450,246.8,1450,245,1,1
Auto sanding - 1,3,3/4/2022 16:38,845581,SP400-IR-4,248.4,1450,248.4,1450,245,1,1
Auto sanding - 1,4,3/4/2022 16:39,845581,SP400-IR-4,247.9,1450,247.9,1450,245,1,1
Auto sanding - 1,5,3/4/2022 16:39,845581,SP400-IR-4,246.2,1450,246.2,1450,245,1,1
Auto sanding - 1,1,3/5/2022 5:15,845573,SP400-IR-4,249.2,1450,249.2,1450,245,1,1
Auto sanding - 1,2,3/5/2022 5:15,845573,SP400-IR-4,247.2,1450,247.2,1450,245,1,1
Auto sanding - 1,3,3/5/2022 5:15,845573,SP400-IR-4,249.1,1450,249.1,1450,245,1,1
Auto sanding - 1,4,3/5/2022 5:15,845573,SP400-IR-4,248.3,1450,248.3,1450,245,1,1
Auto sanding - 1,5,3/5/2022 5:15,845573,SP400-IR-4,248.7,1450,248.7,1450,245,1,1
Auto sanding - 1,1,3/5/2022 8:28,845565,SP400-IR-4,246.9,1450,246.9,1450,245,1,1
Auto sanding - 1,2,3/5/2022 8:28,845565,SP400-IR-4,248.7,1450,248.7,1450,245,1,1
Auto sanding - 1,3,3/5/2022 8:29,845565,SP400-IR-4,249.2,1450,249.2,1450,245,1,1
Auto sanding - 1,4,3/5/2022 8:29,845565,SP400-IR-4,245.9,1450,245.9,1450,245,1,1
Auto sanding - 1,5,3/5/2022 8:29,845565,SP400-IR-4,248.8,1450,248.8,1450,245,1,1
Auto sanding - 1,4,3/5/2022 20:28,845567,SP400-IR-4,247.9,1450,247.9,1450,245,1,1
Auto sanding - 1,5,3/5/2022 20:28,845567,SP400-IR-4,247.5,1450,247.5,1450,245,1,1
Auto sanding - 1,1,3/6/2022 0:05,845559,SP400-IR-4,249.8,1450,249.8,1450,245,1,1
Auto sanding - 1,2,3/6/2022 0:06,845559,SP400-IR-4,246.9,1450,246.9,1450,245,1,1
Auto sanding - 1,3,3/6/2022 0:06,845559,SP400-IR-4,249.5,1450,249.5,1450,245,1,1
Auto sanding - 1,4,3/6/2022 0:07,845559,SP400-IR-4,249.7,1450,249.7,1450,245,1,1
Auto sanding - 1,5,3/6/2022 0:07,845559,SP400-IR-4,249.9,1450,249.9,1450,245,1,1
Auto sanding - 1,1,3/7/2022 2:29,848074,SP400-IR-4,248.8,1450,248.8,1450,245,1,1
Auto sanding - 1,2,3/7/2022 2:29,848074,SP400-IR-4,246.9,1450,246.9,1450,245,1,1
Auto sanding - 1,3,3/7/2022 2:29,848074,SP400-IR-4,249.3,1450,249.3,1450,245,1,1
Auto sanding - 1,4,3/7/2022 2:30,848074,SP400-IR-4,246.2,1450,246.2,1450,245,1,1
Auto sanding - 1,5,3/7/2022 2:30,848074,SP400-IR-4,247.4,1450,247.4,1450,245,1,1
Auto sanding - 1,1,3/7/2022 12:45,845563,SP400-IR-4,248.2,1450,248.2,1450,245,1,1
Auto sanding - 1,2,3/7/2022 12:46,845563,SP400-IR-4,246.6,1450,246.6,1450,245,1,1
Auto sanding - 1,3,3/7/2022 12:47,845563,SP400-IR-4,248,1450,248,1450,245,1,1
Auto sanding - 1,4,3/7/2022 12:47,845563,SP400-IR-4,248.7,1450,248.7,1450,245,1,1
Auto sanding - 1,5,3/7/2022 12:47,845563,SP400-IR-4,247.7,1450,247.7,1450,245,1,1
Auto sanding - 1,1,3/7/2022 14:48,848904,SP400-IR-4,246.7,1450,246.7,1450,245,1,1
Auto sanding - 1,2,3/7/2022 14:49,848904,SP400-IR-4,249.5,1450,249.5,1450,245,1,1
Auto sanding - 1,3,3/7/2022 14:49,848904,SP400-IR-4,248.1,1450,248.1,1450,245,1,1
Auto sanding - 1,4,3/7/2022 14:49,848904,SP400-IR-4,247.1,1450,247.1,1450,245,1,1
Auto sanding - 1,5,3/7/2022 14:49,848904,SP400-IR-4,246.8,1450,246.8,1450,245,1,1
Auto sanding - 1,1,3/7/2022 15:06,848885,SP400-IR-4,248.9,1450,248.9,1450,245,1,1
Auto sanding - 1,2,3/7/2022 15:08,848885,SP400-IR-4,248.6,1450,248.6,1450,245,1,1
Auto sanding - 1,3,3/7/2022 15:09,848885,SP400-IR-4,248.1,1450,248.1,1450,245,1,1
Auto sanding - 1,4,3/7/2022 15:11,848885,SP400-IR-4,250.2,1450,250.2,1450,245,1,1
Auto sanding - 1,5,3/7/2022 15:11,848885,SP400-IR-4,247.4,1450,247.4,1450,245,1,1
Auto sanding - 1,1,3/7/2022 15:13,848885,SP400-IR-4,249.7,1450,249.7,1450,245,1,1
Auto sanding - 1,2,3/7/2022 15:14,848885,SP400-IR-4,248.3,1450,248.3,1450,245,1,1
Auto sanding - 1,3,3/7/2022 15:14,848885,SP400-IR-4,250.1,1450,250.1,1450,245,1,1
Auto sanding - 1,4,3/7/2022 15:14,848885,SP400-IR-4,247.6,1450,247.6,1450,245,1,1
Auto sanding - 1,5,3/7/2022 15:15,848885,SP400-IR-4,248.2,1450,248.2,1450,245,1,1
Auto sanding - 1,1,3/7/2022 15:15,848885,SP400-IR-4,248.6,1450,248.6,1450,245,1,1
Auto sanding - 1,2,3/7/2022 15:16,848885,SP400-IR-4,246.7,1450,246.7,1450,245,1,1
Auto sanding - 1,3,3/7/2022 15:16,848885,SP400-IR-4,247.9,1450,247.9,1450,245,1,1
Auto sanding - 1,4,3/7/2022 15:17,848885,SP400-IR-4,246.5,1450,246.5,1450,245,1,1
Auto sanding - 1,5,3/7/2022 15:18,848885,SP400-IR-4,249.9,1450,249.9,1450,245,1,1
Auto sanding - 1,1,3/14/2022 23:56,852592,SP400-IR-4,247.7,1450,247.7,1450,245,1,1
Auto sanding - 1,2,3/14/2022 23:56,852592,SP400-IR-4,247.8,1450,247.8,1450,245,1,1
Auto sanding - 1,3,3/14/2022 23:57,852592,SP400-IR-4,248.4,1450,248.4,1450,245,1,1
Auto sanding - 1,1,3/22/2022 19:47,856342,SP400-IR-4,246.4,1450,246.4,1450,245,1,1
Auto sanding - 1,2,3/22/2022 19:48,856342,SP400-IR-4,246.1,1450,246.1,1450,245,1,1
Auto sanding - 1,3,3/22/2022 19:48,856342,SP400-IR-4,246.7,1450,246.7,1450,245,1,1
Auto sanding - 1,4,3/22/2022 19:48,856342,SP400-IR-4,249,1450,249,1450,245,1,1
Auto sanding - 1,5,3/22/2022 19:48,856342,SP400-IR-4,249.6,1450,249.6,1450,245,1,1
Auto sanding - 1,1,3/22/2022 19:49,856342,SP400-IR-4,246.3,1450,246.3,1450,245,1,1
Auto sanding - 1,2,3/22/2022 19:49,856342,SP400-IR-4,248.9,1450,248.9,1450,245,1,1
Auto sanding - 1,3,3/22/2022 19:49,856342,SP400-IR-4,248.1,1450,248.1,1450,245,1,1
Auto sanding - 1,4,3/22/2022 19:49,856342,SP400-IR-4,248.4,1450,248.4,1450,245,1,1
Auto sanding - 1,5,3/22/2022 19:49,856342,SP400-IR-4,248.9,1450,248.9,1450,245,1,1
Auto sanding - 1,1,3/22/2022 19:51,856342,SP400-IR-4,248.3,1450,248.3,1450,245,1,1
Auto sanding - 1,2,3/22/2022 19:51,856342,SP400-IR-4,248.4,1450,248.4,1450,245,1,1
Auto sanding - 1,3,3/22/2022 19:51,856342,SP400-IR-4,248.4,1450,248.4,1450,245,1,1
Auto sanding - 1,4,3/22/2022 19:51,856342,SP400-IR-4,248.7,1450,248.7,1450,245,1,1
Auto sanding - 1,5,3/22/2022 19:51,856342,SP400-IR-4,248.7,1450,248.7,1450,245,1,1
Auto sanding - 1,1,5/13/2022 9:07,902832,SP400-IR-4,249.4,1450,249.4,1450,245,1,1
Auto sanding - 1,2,5/13/2022 9:08,902832,SP400-IR-4,249.4,1450,249.4,1450,245,1,1
Auto sanding - 1,3,5/13/2022 9:08,902832,SP400-IR-4,250,1450,250,1450,245,1,1
Auto sanding - 1,4,5/13/2022 9:08,902832,SP400-IR-4,249.6,1450,249.6,1450,245,1,1
Auto sanding - 1,5,5/13/2022 9:09,902832,SP400-IR-4,249.5,1450,249.5,1450,245,1,1
Auto sanding - 1,1,5/13/2022 9:37,902831,SP400-IR-4,245.6,1450,245.6,1450,245,1,1
Auto sanding - 1,2,5/13/2022 9:37,902831,SP400-IR-4,248.2,1450,248.2,1450,245,1,1
Auto sanding - 1,3,5/13/2022 9:38,902831,SP400-IR-4,248.8,1450,248.8,1450,245,1,1
Auto sanding - 1,4,5/13/2022 9:38,902831,SP400-IR-4,248.7,1450,248.7,1450,245,1,1
Auto sanding - 1,5,5/13/2022 9:38,902831,SP400-IR-4,247.7,1450,247.7,1450,245,1,1
Auto sanding - 1,1,5/13/2022 10:01,902814,SP400-IR-4,248.9,1450,248.9,1450,245,1,1
Auto sanding - 1,2,5/13/2022 10:01,902814,SP400-IR-4,247.7,1450,247.7,1450,245,1,1
Auto sanding - 1,3,5/13/2022 10:01,902814,SP400-IR-4,247.5,1450,247.5,1450,245,1,1
Auto sanding - 1,4,5/13/2022 10:01,902814,SP400-IR-4,247.1,1450,247.1,1450,245,1,1
Auto sanding - 1,5,5/13/2022 10:01,902814,SP400-IR-4,247.5,1450,247.5,1450,245,1,1
Auto sanding - 1,1,5/13/2022 11:26,902833,SP400-IR-4,249.9,1450,249.9,1450,245,1,1
Auto sanding - 1,2,5/13/2022 11:27,902833,SP400-IR-4,248.4,1450,248.4,1450,245,1,1
Auto sanding - 1,3,5/13/2022 11:27,902833,SP400-IR-4,250,1450,250,1450,245,1,1
Auto sanding - 1,4,5/13/2022 11:27,902833,SP400-IR-4,250.1,1450,250.1,1450,245,1,1
Auto sanding - 1,5,5/13/2022 11:27,902833,SP400-IR-4,250.3,1450,250.3,1450,245,1,1
Auto sanding - 1,1,5/13/2022 13:04,902821,SP400-IR-4,246.6,1450,246.6,1450,245,1,1
Auto sanding - 1,2,5/13/2022 13:04,902821,SP400-IR-4,246.6,1450,246.6,1450,245,1,1
Auto sanding - 1,3,5/13/2022 13:05,902821,SP400-IR-4,248.5,1450,248.5,1450,245,1,1
Auto sanding - 1,4,5/13/2022 13:05,902821,SP400-IR-4,250.2,1450,250.2,1450,245,1,1
Auto sanding - 1,1,5/13/2022 13:41,902824,SP400-IR-4,249.7,1450,249.7,1450,245,1,1
Auto sanding - 1,2,5/13/2022 13:42,902824,SP400-IR-4,248.4,1450,248.4,1450,245,1,1
Auto sanding - 1,3,5/13/2022 13:43,902824,SP400-IR-4,248.8,1450,248.8,1450,245,1,1
Auto sanding - 1,4,5/13/2022 13:43,902824,SP400-IR-4,248.4,1450,248.4,1450,245,1,1
Auto sanding - 1,5,5/13/2022 13:44,902824,SP400-IR-4,247.5,1450,247.5,1450,245,1,1
Auto sanding - 1,1,5/13/2022 18:36,902819,SP400-IR-4,246.6,1450,246.6,1450,245,1,1
Auto sanding - 1,2,5/13/2022 18:36,902819,SP400-IR-4,245.8,1450,245.8,1450,245,1,1
Auto sanding - 1,3,5/13/2022 18:37,902819,SP400-IR-4,247.1,1450,247.1,1450,245,1,1
Auto sanding - 1,4,5/13/2022 18:37,902819,SP400-IR-4,247,1450,247,1450,245,1,1
Auto sanding - 1,5,5/13/2022 18:37,902819,SP400-IR-4,246.3,1450,246.3,1450,245,1,1
Auto sanding - 1,1,5/13/2022 21:36,902834,SP400-IR-4,248.7,1450,248.7,1450,245,1,1
Auto sanding - 1,2,5/13/2022 21:38,902834,SP400-IR-4,247.6,1450,247.6,1450,245,1,1
Auto sanding - 1,3,5/13/2022 21:38,902834,SP400-IR-4,248.3,1450,248.3,1450,245,1,1
Auto sanding - 1,4,5/13/2022 21:38,902834,SP400-IR-4,249.1,1450,249.1,1450,245,1,1
Auto sanding - 1,5,5/13/2022 21:38,902834,SP400-IR-4,247.7,1450,247.7,1450,245,1,1
Auto sanding - 1,1,5/13/2022 23:07,902828,SP400-IR-4,249.8,1450,249.8,1450,245,1,1
Auto sanding - 1,2,5/13/2022 23:07,902828,SP400-IR-4,249.6,1450,249.6,1450,245,1,1
Auto sanding - 1,3,5/13/2022 23:08,902828,SP400-IR-4,247.9,1450,247.9,1450,245,1,1
Auto sanding - 1,4,5/13/2022 23:08,902828,SP400-IR-4,248,1450,248,1450,245,1,1
Auto sanding - 1,5,5/13/2022 23:09,902828,SP400-IR-4,250.4,1450,250.4,1450,245,1,1
Auto sanding - 1,1,5/14/2022 3:06,902826,SP400-IR-4,248.3,1450,248.3,1450,245,1,1
Auto sanding - 1,2,5/14/2022 3:07,902826,SP400-IR-4,249.1,1450,249.1,1450,245,1,1
Auto sanding - 1,3,5/14/2022 3:07,902826,SP400-IR-4,248.4,1450,248.4,1450,245,1,1
Auto sanding - 1,4,5/14/2022 3:07,902826,SP400-IR-4,248.5,1450,248.5,1450,245,1,1
Auto sanding - 1,5,5/14/2022 3:08,902826,SP400-IR-4,248.4,1450,248.4,1450,245,1,1
Auto sanding - 1,1,5/15/2022 12:10,905338,SP400-IR-4,245.7,1450,245.7,1450,245,1,1
Auto sanding - 1,2,5/15/2022 12:11,905338,SP400-IR-4,248.1,1450,248.1,1450,245,1,1
Auto sanding - 1,3,5/15/2022 12:11,905338,SP400-IR-4,246.5,1450,246.5,1450,245,1,1
Auto sanding - 1,4,5/15/2022 12:12,905338,SP400-IR-4,247.4,1450,247.4,1450,245,1,1
Auto sanding - 1,5,5/15/2022 12:12,905338,SP400-IR-4,249,1450,249,1450,245,1,1
Auto sanding - 1,1,5/15/2022 16:07,904991,SP400-IR-4,246.2,1450,246.2,1450,245,1,1
Auto sanding - 1,2,5/15/2022 16:49,904987,SP400-IR-4,250.2,1450,250.2,1450,245,1,1
Auto sanding - 1,3,5/15/2022 16:49,904987,SP400-IR-4,249.1,1450,249.1,1450,245,1,1
Auto sanding - 1,4,5/15/2022 16:50,904987,SP400-IR-4,250,1450,250,1450,245,1,1
Auto sanding - 1,5,5/15/2022 16:50,904987,SP400-IR-4,248.1,1450,248.1,1450,245,1,1
Auto sanding - 1,2,5/15/2022 17:04,904991,SP400-IR-4,248.2,1450,248.2,1450,245,1,1
Auto sanding - 1,3,5/15/2022 17:05,904991,SP400-IR-4,248.6,1450,248.6,1450,245,1,1
Auto sanding - 1,4,5/15/2022 17:05,904991,SP400-IR-4,248,1450,248,1450,245,1,1
Auto sanding - 1,5,5/15/2022 17:06,904991,SP400-IR-4,246.7,1450,246.7,1450,245,1,1
Auto sanding - 1,5,5/15/2022 20:07,905006,SP400-IR-4,249.8,1450,249.8,1450,245,1,1
Auto sanding - 1,1,5/15/2022 20:09,905006,SP400-IR-4,248.5,1450,248.5,1450,245,1,1
Auto sanding - 1,2,5/15/2022 20:28,905010,SP400-IR-4,248.3,1450,248.3,1450,245,1,1
Auto sanding - 1,3,5/15/2022 20:29,905010,SP400-IR-4,250.1,1450,250.1,1450,245,1,1
Auto sanding - 1,1,5/15/2022 23:32,905007,SP400-IR-4,249.9,1450,249.9,1450,245,1,1
Auto sanding - 1,2,5/15/2022 23:32,905007,SP400-IR-4,248.1,1450,248.1,1450,245,1,1
Auto sanding - 1,3,5/15/2022 23:32,905007,SP400-IR-4,250.1,1450,250.1,1450,245,1,1
Auto sanding - 1,4,5/15/2022 23:32,905007,SP400-IR-4,247.6,1450,247.6,1450,245,1,1
Auto sanding - 1,5,5/15/2022 23:33,905007,SP400-IR-4,247.7,1450,247.7,1450,245,1,1
Auto sanding - 1,1,5/15/2022 23:56,904994,SP400-IR-4,247.6,1450,247.6,1450,245,1,1
Auto sanding - 1,2,5/15/2022 23:56,904994,SP400-IR-4,247.7,1450,247.7,1450,245,1,1
Auto sanding - 1,3,5/15/2022 23:56,904994,SP400-IR-4,247.8,1450,247.8,1450,245,1,1
Auto sanding - 1,4,5/15/2022 23:56,904994,SP400-IR-4,248.1,1450,248.1,1450,245,1,1
Auto sanding - 1,5,5/15/2022 23:57,904994,SP400-IR-4,248.1,1450,248.1,1450,245,1,1
Auto sanding - 1,1,5/16/2022 2:57,905008,SP400-IR-4,248.7,1450,248.7,1450,245,1,1
Auto sanding - 1,2,5/16/2022 2:57,905008,SP400-IR-4,248.8,1450,248.8,1450,245,1,1
Auto sanding - 1,3,5/16/2022 2:57,905008,SP400-IR-4,248.8,1450,248.8,1450,245,1,1
Auto sanding - 1,4,5/16/2022 2:57,905008,SP400-IR-4,248.8,1450,248.8,1450,245,1,1
Auto sanding - 1,5,5/16/2022 2:57,905008,SP400-IR-4,249,1450,249,1450,245,1,1
Auto sanding - 1,1,5/16/2022 5:20,905003,SP400-IR-4,250.4,1450,250.4,1450,245,1,1
Auto sanding - 1,2,5/16/2022 5:21,905003,SP400-IR-4,249.5,1450,249.5,1450,245,1,1
Auto sanding - 1,3,5/16/2022 5:21,905003,SP400-IR-4,247.7,1450,247.7,1450,245,1,1
Auto sanding - 1,4,5/16/2022 5:21,905003,SP400-IR-4,249.3,1450,249.3,1450,245,1,1
Auto sanding - 1,5,5/16/2022 5:22,905003,SP400-IR-4,250.3,1450,250.3,1450,245,1,1
Auto sanding - 1,1,5/16/2022 6:03,905001,SP400-IR-4,247,1450,247,1450,245,1,1
Auto sanding - 1,2,5/16/2022 6:03,905001,SP400-IR-4,247.8,1450,247.8,1450,245,1,1
Auto sanding - 1,3,5/16/2022 6:03,905001,SP400-IR-4,249.5,1450,249.5,1450,245,1,1
Auto sanding - 1,4,5/16/2022 6:26,905001,SP400-IR-4,249.6,1450,249.6,1450,245,1,1
Auto sanding - 1,5,5/16/2022 6:27,905001,SP400-IR-4,249.3,1450,249.3,1450,245,1,1
Auto sanding - 1,1,5/16/2022 7:35,904989,SP400-IR-4,248.8,1450,248.8,1450,245,1,1
Auto sanding - 1,2,5/16/2022 7:36,904989,SP400-IR-4,250.4,1450,250.4,1450,245,1,1
Auto sanding - 1,3,5/16/2022 7:36,904989,SP400-IR-4,249.6,1450,249.6,1450,245,1,1
Auto sanding - 1,4,5/16/2022 7:36,904989,SP400-IR-4,247.7,1450,247.7,1450,245,1,1
Auto sanding - 1,5,5/16/2022 7:36,904989,SP400-IR-4,247.5,1450,247.5,1450,245,1,1
Auto sanding - 1,1,5/16/2022 9:13,905005,SP400-IR-4,247,1450,247,1450,245,1,1
Auto sanding - 1,2,5/16/2022 9:13,905005,SP400-IR-4,246.8,1450,246.8,1450,245,1,1
Auto sanding - 1,3,5/16/2022 9:14,905005,SP400-IR-4,247.3,1450,247.3,1450,245,1,1
Auto sanding - 1,4,5/16/2022 9:14,905005,SP400-IR-4,248.8,1450,248.8,1450,245,1,1
Auto sanding - 1,5,5/16/2022 9:14,905005,SP400-IR-4,246.7,1450,246.7,1450,245,1,1
Auto sanding - 1,1,5/16/2022 9:25,905004,SP400-IR-4,248.4,1450,248.4,1450,245,1,1
Auto sanding - 1,2,5/16/2022 9:25,905004,SP400-IR-4,249.2,1450,249.2,1450,245,1,1
Auto sanding - 1,3,5/16/2022 9:25,905004,SP400-IR-4,246.7,1450,246.7,1450,245,1,1
Auto sanding - 1,4,5/16/2022 9:26,905004,SP400-IR-4,248.7,1450,248.7,1450,245,1,1
Auto sanding - 1,5,5/16/2022 9:26,905004,SP400-IR-4,247.2,1450,247.2,1450,245,1,1
Auto sanding - 1,1,5/16/2022 9:43,904999,SP400-IR-4,246.9,1450,246.9,1450,245,1,1
Auto sanding - 1,2,5/16/2022 9:44,904999,SP400-IR-4,246.3,1450,246.3,1450,245,1,1
Auto sanding - 1,3,5/16/2022 9:46,904999,SP400-IR-4,245.9,1450,245.9,1450,245,1,1
Auto sanding - 1,4,5/16/2022 9:50,904999,SP400-IR-4,246.9,1450,246.9,1450,245,1,1
Auto sanding - 1,5,5/16/2022 9:50,904999,SP400-IR-4,245.7,1450,245.7,1450,245,1,1
Auto sanding - 1,1,5/16/2022 14:49,905009,SP400-IR-4,247.9,1450,247.9,1450,245,1,1
Auto sanding - 1,2,5/16/2022 14:50,905009,SP400-IR-4,247.1,1450,247.1,1450,245,1,1
Auto sanding - 1,3,5/16/2022 15:09,905009,SP400-IR-4,245.9,1450,245.9,1450,245,1,1
Auto sanding - 1,1,5/16/2022 23:00,906569,SP400-IR-4,249,1450,249,1450,245,1,1
Auto sanding - 1,2,5/16/2022 23:00,906569,SP400-IR-4,250.1,1450,250.1,1450,245,1,1
Auto sanding - 1,1,5/16/2022 23:10,906569,SP400-IR-4,245.8,1450,245.8,1450,245,1,1
Auto sanding - 1,2,5/16/2022 23:10,906569,SP400-IR-4,247.5,1450,247.5,1450,245,1,1
Auto sanding - 1,3,5/16/2022 23:10,906569,SP400-IR-4,250,1450,250,1450,245,1,1
Auto sanding - 1,4,5/16/2022 23:10,906569,SP400-IR-4,248.9,1450,248.9,1450,245,1,1
Auto sanding - 1,5,5/16/2022 23:10,906569,SP400-IR-4,247.4,1450,247.4,1450,245,1,1
Auto sanding - 1,1,5/17/2022 11:32,907194,SP400-IR-4,247.6,1450,247.6,1450,245,1,1
Auto sanding - 1,2,5/17/2022 11:33,907194,SP400-IR-4,249.3,1450,249.3,1450,245,1,1
Auto sanding - 1,3,5/17/2022 11:33,907194,SP400-IR-4,247.6,1450,247.6,1450,245,1,1
Auto sanding - 1,4,5/17/2022 11:33,907194,SP400-IR-4,247.4,1450,247.4,1450,245,1,1
Auto sanding - 1,5,5/17/2022 11:33,907194,SP400-IR-4,249.1,1450,249.1,1450,245,1,1
Auto sanding - 1,1,5/17/2022 19:11,907624,SP400-IR-4,250.4,1450,250.4,1450,245,1,1
Auto sanding - 1,2,5/17/2022 19:11,907624,SP400-IR-4,249.3,1450,249.3,1450,245,1,1
Auto sanding - 1,3,5/17/2022 19:11,907624,SP400-IR-4,248.6,1450,248.6,1450,245,1,1
Auto sanding - 1,4,5/17/2022 19:11,907624,SP400-IR-4,247.9,1450,247.9,1450,245,1,1
Auto sanding - 1,5,5/17/2022 19:12,907624,SP400-IR-4,247.6,1450,247.6,1450,245,1,1
Auto sanding - 1,1,5/18/2022 0:24,904996,SP400-IR-4,248.2,1450,248.2,1450,245,1,1
Auto sanding - 1,2,5/18/2022 0:24,904996,SP400-IR-4,247.5,1450,247.5,1450,245,1,1
Auto sanding - 1,3,5/18/2022 0:24,904996,SP400-IR-4,247.7,1450,247.7,1450,245,1,1
Auto sanding - 1,4,5/18/2022 0:25,904996,SP400-IR-4,248,1450,248,1450,245,1,1
Auto sanding - 1,5,5/18/2022 0:25,904996,SP400-IR-4,249.1,1450,249.1,1450,245,1,1
Auto sanding - 1,1,5/19/2022 11:29,904996,SP400-IR-4,250.3,1450,250.3,1450,245,1,1
Auto sanding - 1,2,5/19/2022 11:31,904430,SP400-IR-4,249,1450,249,1450,245,1,1
Auto sanding - 1,3,5/19/2022 11:31,904430,SP400-IR-4,248.6,1450,248.6,1450,245,1,1
Auto sanding - 1,4,5/19/2022 11:32,904430,SP400-IR-4,249,1450,249,1450,245,1,1
Auto sanding - 1,5,5/19/2022 11:32,904430,SP400-IR-4,249.7,1450,249.7,1450,245,1,1
Auto sanding - 1,1,5/19/2022 11:32,904430,SP400-IR-4,249.3,1450,249.3,1450,245,1,1
Auto sanding - 1,2,5/19/2022 11:32,904430,SP400-IR-4,247.8,1450,247.8,1450,245,1,1
Auto sanding - 1,3,5/19/2022 11:33,904430,SP400-IR-4,248.8,1450,248.8,1450,245,1,1
Auto sanding - 1,4,5/19/2022 11:33,904430,SP400-IR-4,249.2,1450,249.2,1450,245,1,1
Auto sanding - 1,5,5/19/2022 11:33,904430,SP400-IR-4,250,1450,250,1450,245,1,1
Auto sanding - 1,1,5/19/2022 11:47,909387,SP400-IR-4,247.2,1450,247.2,1450,245,1,1
Auto sanding - 1,2,5/19/2022 11:47,909387,SP400-IR-4,247.1,1450,247.1,1450,245,1,1
Auto sanding - 1,3,5/19/2022 11:47,909387,SP400-IR-4,246.3,1450,246.3,1450,245,1,1
Auto sanding - 1,4,5/19/2022 11:47,909387,SP400-IR-4,246.6,1450,246.6,1450,245,1,1
Auto sanding - 1,5,5/19/2022 11:48,909387,SP400-IR-4,249.1,1450,249.1,1450,245,1,1
Auto sanding - 1,1,5/20/2022 12:46,910327,SP400-IR-4,246.2,1450,246.2,1450,245,1,1
Auto sanding - 1,2,5/20/2022 12:46,910327,SP400-IR-4,250.1,1450,250.1,1450,245,1,1
Auto sanding - 1,3,5/20/2022 12:46,910327,SP400-IR-4,248.1,1450,248.1,1450,245,1,1
Auto sanding - 1,4,5/20/2022 12:46,910327,SP400-IR-4,248.4,1450,248.4,1450,245,1,1
Auto sanding - 1,5,5/20/2022 12:46,910327,SP400-IR-4,247.2,1450,247.2,1450,245,1,1
Auto sanding - 1,1,5/31/2022 7:56,909117,SP400-IR-4,250.3,1450,250.3,1450,245,1,1
Auto sanding - 1,2,5/31/2022 7:56,909117,SP400-IR-4,249.9,1450,249.9,1450,245,1,1
Auto sanding - 1,3,5/31/2022 7:57,909117,SP400-IR-4,249.8,1450,249.8,1450,245,1,1
Auto sanding - 1,4,5/31/2022 7:59,909117,SP400-IR-4,249.7,1450,249.7,1450,245,1,1
Auto sanding - 1,5,5/31/2022 7:59,909117,SP400-IR-4,249.3,1450,249.3,1450,245,1,1
Auto sanding - 1,1,6/7/2022 13:18,923441,SP400-IR-4,250.2,1450,250.2,1450,245,1,1
Auto sanding - 1,2,6/7/2022 13:18,923441,SP400-IR-4,248,1450,248,1450,245,1,1
Auto sanding - 1,3,6/7/2022 13:19,923441,SP400-IR-4,248.6,1450,248.6,1450,245,1,1
Auto sanding - 1,1,6/8/2022 0:19,928158,SP400-IR-4,249.5,1450,249.5,1450,245,1,1
Auto sanding - 1,2,6/8/2022 0:19,928158,SP400-IR-4,246.4,1450,246.4,1450,245,1,1
Auto sanding - 1,3,6/8/2022 0:19,928158,SP400-IR-4,247.7,1450,247.7,1450,245,1,1
Auto sanding - 1,4,6/8/2022 0:20,928158,SP400-IR-4,247.3,1450,247.3,1450,245,1,1
Auto sanding - 1,5,6/8/2022 0:20,928158,SP400-IR-4,248.4,1450,248.4,1450,245,1,1
Auto sanding - 1,3,6/8/2022 1:05,928142,SP400-IR-4,248.1,1450,248.1,1450,245,1,1
Auto sanding - 1,4,6/8/2022 1:06,928142,SP400-IR-4,247.9,1450,247.9,1450,245,1,1
Auto sanding - 1,5,6/8/2022 1:06,928142,SP400-IR-4,247.4,1450,247.4,1450,245,1,1
Auto sanding - 1,1,6/8/2022 1:06,928142,SP400-IR-4,245.6,1450,245.6,1450,245,1,1
Auto sanding - 1,2,6/8/2022 1:06,928142,SP400-IR-4,246.9,1450,246.9,1450,245,1,1
Auto sanding - 1,3,6/8/2022 1:06,928142,SP400-IR-4,247.8,1450,247.8,1450,245,1,1
Auto sanding - 1,4,6/8/2022 1:07,928142,SP400-IR-4,248.6,1450,248.6,1450,245,1,1
Auto sanding - 1,5,6/8/2022 1:07,928142,SP400-IR-4,249.3,1450,249.3,1450,245,1,1
Auto sanding - 1,1,6/8/2022 2:46,928157,SP400-IR-4,248.4,1450,248.4,1450,245,1,1
Auto sanding - 1,2,6/8/2022 2:46,928157,SP400-IR-4,247.2,1450,247.2,1450,245,1,1
Auto sanding - 1,3,6/8/2022 2:47,928157,SP400-IR-4,247.6,1450,247.6,1450,245,1,1
Auto sanding - 1,4,6/8/2022 2:47,928157,SP400-IR-4,247.6,1450,247.6,1450,245,1,1
Auto sanding - 1,5,6/8/2022 2:47,928157,SP400-IR-4,250,1450,250,1450,245,1,1
Auto sanding - 1,1,6/8/2022 3:02,928144,SP400-IR-4,249.4,1450,249.4,1450,245,1,1
Auto sanding - 1,2,6/8/2022 3:02,928144,SP400-IR-4,243.3,1450,243.3,1450,245,1,1
Auto sanding - 1,3,6/8/2022 3:02,928144,SP400-IR-4,246.4,1450,246.4,1450,245,1,1
Auto sanding - 1,4,6/8/2022 3:03,928144,SP400-IR-4,248,1450,248,1450,245,1,1
Auto sanding - 1,5,6/8/2022 3:03,928144,SP400-IR-4,247.3,1450,247.3,1450,245,1,1
Auto sanding - 1,1,6/8/2022 4:50,928165,SP400-IR-4,248,1450,248,1450,245,1,1
Auto sanding - 1,2,6/8/2022 4:51,928165,SP400-IR-4,248.2,1450,248.2,1450,245,1,1
Auto sanding - 1,3,6/8/2022 4:51,928165,SP400-IR-4,250.1,1450,250.1,1450,245,1,1
Auto sanding - 1,4,6/8/2022 4:51,928165,SP400-IR-4,249.3,1450,249.3,1450,245,1,1
Auto sanding - 1,5,6/8/2022 4:52,928165,SP400-IR-4,249.7,1450,249.7,1450,245,1,1
Auto sanding - 1,1,6/8/2022 5:13,928167,SP400-IR-4,247.4,1450,247.4,1450,245,1,1
Auto sanding - 1,2,6/8/2022 5:13,928167,SP400-IR-4,247.3,1450,247.3,1450,245,1,1
Auto sanding - 1,3,6/8/2022 5:13,928167,SP400-IR-4,247.2,1450,247.2,1450,245,1,1
Auto sanding - 1,4,6/8/2022 5:13,928167,SP400-IR-4,247.2,1450,247.2,1450,245,1,1
Auto sanding - 1,5,6/8/2022 5:14,928167,SP400-IR-4,249.1,1450,249.1,1450,245,1,1
Auto sanding - 1,1,6/8/2022 5:17,928167,SP400-IR-4,249.2,1450,249.2,1450,245,1,1
Auto sanding - 1,2,6/8/2022 5:18,928167,SP400-IR-4,247.3,1450,247.3,1450,245,1,1
Auto sanding - 1,3,6/8/2022 5:19,928167,SP400-IR-4,247.9,1450,247.9,1450,245,1,1
Auto sanding - 1,4,6/8/2022 5:20,928167,SP400-IR-4,249.1,1450,249.1,1450,245,1,1
Auto sanding - 1,5,6/8/2022 5:20,928167,SP400-IR-4,247.1,1450,247.1,1450,245,1,1
Auto sanding - 1,1,6/8/2022 6:06,928166,SP400-IR-4,248,1450,248,1450,245,1,1
Auto sanding - 1,2,6/8/2022 6:06,928166,SP400-IR-4,248.2,1450,248.2,1450,245,1,1
Auto sanding - 1,3,6/8/2022 6:07,928166,SP400-IR-4,248.7,1450,248.7,1450,245,1,1
Auto sanding - 1,4,6/8/2022 6:07,928166,SP400-IR-4,247.3,1450,247.3,1450,245,1,1
Auto sanding - 1,5,6/8/2022 6:08,928166,SP400-IR-4,247.3,1450,247.3,1450,245,1,1
Auto sanding - 1,1,6/8/2022 11:22,928160,SP400-IR-4,248.8,1450,248.8,1450,245,1,1
Auto sanding - 1,2,6/8/2022 11:22,928160,SP400-IR-4,249.2,1450,249.2,1450,245,1,1
Auto sanding - 1,3,6/8/2022 11:23,928160,SP400-IR-4,249.5,1450,249.5,1450,245,1,1
Auto sanding - 1,4,6/8/2022 11:24,928160,SP400-IR-4,248.3,1450,248.3,1450,245,1,1
Auto sanding - 1,5,6/8/2022 11:24,928160,SP400-IR-4,246.8,1450,246.8,1450,245,1,1
